-- Degree planner population (merged)
-- Generated by merge_population.ps1
-- Import with: mysql -u <user> -p goplan < population.sql

-- ===== Begin population/00_reset.sql =====
-- ==========================================================
-- COMPREHENSIVE DATABASE POPULATION FOR DEGREE PLANNER
-- Based on: BACS, BSCSC, BBA Program Sheets (Catalog 2019-2021)
-- Al Akhawayn University
-- ==========================================================

-- ==========================================================
-- 0. RESET DATABASE (Start Fresh)
-- ==========================================================
use goplan;

SET FOREIGN_KEY_CHECKS = 0;
TRUNCATE TABLE semester_approvals;
TRUNCATE TABLE student_plan;
TRUNCATE TABLE student_plan_drafts;
TRUNCATE TABLE student_transcript;
TRUNCATE TABLE student_programs;
TRUNCATE TABLE student_profiles;
TRUNCATE TABLE recommended_sequence;
TRUNCATE TABLE requirement_group_courses;
TRUNCATE TABLE program_requirement_groups;
TRUNCATE TABLE programs;
TRUNCATE TABLE course_dependencies;
TRUNCATE TABLE courses;
TRUNCATE TABLE users;
TRUNCATE TABLE semesters;
SET FOREIGN_KEY_CHECKS = 1;

-- ==========================================================
-- ===== End population/00_reset.sql =====

-- ===== Begin population/01_semesters.sql =====
-- 1. SEMESTERS (Extended for 4-year planning)
-- Current date: December 2025, so Fall 2025 is current semester
-- ==========================================================
INSERT INTO semesters (semester_id, name, term, year, start_date, end_date, is_active) VALUES
-- Historical semesters
(1, 'Fall 2021', 'FALL', 2021, '2021-09-01', '2021-12-15', FALSE),
(2, 'Spring 2022', 'SPRING', 2022, '2022-01-15', '2022-05-15', FALSE),
(3, 'Summer 2022', 'SUMMER', 2022, '2022-06-01', '2022-08-15', FALSE),
(4, 'Fall 2022', 'FALL', 2022, '2022-09-01', '2022-12-15', FALSE),
(5, 'Spring 2023', 'SPRING', 2023, '2023-01-15', '2023-05-15', FALSE),
(6, 'Summer 2023', 'SUMMER', 2023, '2023-06-01', '2023-08-15', FALSE),
(7, 'Fall 2023', 'FALL', 2023, '2023-09-01', '2023-12-15', FALSE),
(8, 'Spring 2024', 'SPRING', 2024, '2024-01-15', '2024-05-15', FALSE),
(9, 'Summer 2024', 'SUMMER', 2024, '2024-06-01', '2024-08-15', FALSE),
(10, 'Fall 2024', 'FALL', 2024, '2024-09-01', '2024-12-15', FALSE),
(11, 'Spring 2025', 'SPRING', 2025, '2025-01-15', '2025-05-15', FALSE),
(12, 'Summer 2025', 'SUMMER', 2025, '2025-06-01', '2025-08-15', FALSE),
-- Current semester (students can see but not submit for this one yet)
(13, 'Fall 2025', 'FALL', 2025, '2025-09-01', '2025-12-15', FALSE),
-- Next semester (students can submit to advisors for this one)
(14, 'Spring 2026', 'SPRING', 2026, '2026-01-15', '2026-05-15', TRUE),
(15, 'Summer 2026', 'SUMMER', 2026, '2026-06-01', '2026-08-15', FALSE),
(16, 'Fall 2026', 'FALL', 2026, '2026-09-01', '2026-12-15', FALSE),
(17, 'Spring 2027', 'SPRING', 2027, '2027-01-15', '2027-05-15', FALSE),
(18, 'Summer 2027', 'SUMMER', 2027, '2027-06-01', '2027-08-15', FALSE),
(19, 'Fall 2027', 'FALL', 2027, '2027-09-01', '2027-12-15', FALSE),
(20, 'Spring 2028', 'SPRING', 2028, '2028-01-15', '2028-05-15', FALSE),
(21, 'Summer 2028', 'SUMMER', 2028, '2028-06-01', '2028-08-15', FALSE),
(22, 'Fall 2028', 'FALL', 2028, '2028-09-01', '2028-12-15', FALSE),
(23, 'Spring 2029', 'SPRING', 2029, '2029-01-15', '2029-05-15', FALSE);

-- ==========================================================
-- ===== End population/01_semesters.sql =====

-- ===== Begin population/02_users.sql =====
-- 2. USERS (Admin, advisor, students)
-- ==========================================================
-- All users have password: "Password123!" for testing
-- Bcrypt hash with 10 rounds (OWASP recommended)
INSERT INTO users (user_id, username, email, password_hash, first_name, last_name, role) VALUES
-- Administrator
(1, 'admin', 'admin@aui.ma', '$2b$10$c.qM7eQpiGSiKwltwNqdjOKWCd9LpRW8.hwSBhZM3k3AcRHgEWQr.', 'System', 'Admin', 'ADMIN'),

-- Advisor
(4, 'advisor_sse', 'advisor.sse@aui.ma', '$2b$10$c.qM7eQpiGSiKwltwNqdjOKWCd9LpRW8.hwSBhZM3k3AcRHgEWQr.', 'Nasser', 'Assem', 'ADVISOR'),

-- Students
(23, 'cs_senior_omar', 'omar.cs@aui.ma', '$2b$10$c.qM7eQpiGSiKwltwNqdjOKWCd9LpRW8.hwSBhZM3k3AcRHgEWQr.', 'Omar', 'Taheri', 'STUDENT'),
(24, 'cs_freshman_ismail', 'ismail.cs@aui.ma', '$2b$10$c.qM7eQpiGSiKwltwNqdjOKWCd9LpRW8.hwSBhZM3k3AcRHgEWQr.', 'Ismail', 'Tanji', 'STUDENT');

-- ==========================================================
-- ===== End population/02_users.sql =====

-- ===== Begin population/03_programs.sql =====
-- 3. PROGRAMS (Majors, Minors, Concentrations)
-- ==========================================================
INSERT INTO programs (program_id, name, code, school, type, total_credits_required, catalog_year, parent_program_id, minor_required, concentrations_available, free_electives_credits, prerequisite_note) VALUES
-- MAJORS
(1, 'Bachelor of Business Administration', 'BBA', 'SBA', 'MAJOR', 130, '2019-2021', NULL, 'CONDITIONAL', 'REQUIRED', 9, NULL),
(2, 'Bachelor of Arts in Communication Studies', 'BACS', 'SHSS', 'MAJOR', 124, '2019-2021', NULL, 'YES', 'REQUIRED', 9, NULL),
(3, 'Bachelor of Science in Computer Science', 'BSCSC', 'SSE', 'MAJOR', 136, '2019-2021', NULL, 'YES', 'NOT_AVAILABLE', 6, NULL),

-- BBA CONCENTRATIONS (Parent: BBA = 1)
(10, 'Finance', 'CONC-FIN', 'SBA', 'CONCENTRATION', 15, NULL, 1, NULL, NULL, 0, NULL),
(11, 'Management', 'CONC-MGT', 'SBA', 'CONCENTRATION', 15, NULL, 1, NULL, NULL, 0, NULL),
(12, 'Marketing', 'CONC-MKT', 'SBA', 'CONCENTRATION', 15, NULL, 1, NULL, NULL, 0, NULL),
(13, 'International Business', 'CONC-INT', 'SBA', 'CONCENTRATION', 15, NULL, 1, NULL, NULL, 0, NULL),
(14, 'Logistics & Supply Chain', 'CONC-SCM', 'SBA', 'CONCENTRATION', 15, NULL, 1, NULL, NULL, 0, NULL),

-- BACS CONCENTRATIONS (Parent: BACS = 2)
(20, 'Media Production', 'CONC-MED', 'SHSS', 'CONCENTRATION', 12, NULL, 2, NULL, NULL, 0, NULL),
(21, 'Strategic Communication', 'CONC-STR', 'SHSS', 'CONCENTRATION', 9, NULL, 2, NULL, NULL, 0, NULL),

-- MINORS
(30, 'Leadership', 'MIN-LDR', 'SHSS', 'MINOR', 16, NULL, NULL, NULL, NULL, 0, NULL),
(31, 'Computer Science', 'MIN-CSC', 'SSE', 'MINOR', 15, NULL, NULL, NULL, NULL, 0, 'CSC 1401 is a prerequisite for this minor and may not be in the student major core'),
(32, 'Mathematics', 'MIN-MTH', 'SSE', 'MINOR', 15, NULL, NULL, NULL, NULL, 0, NULL),
(33, 'International Studies', 'MIN-INS', 'SHSS', 'MINOR', 15, NULL, NULL, NULL, NULL, 0, NULL),
(34, 'Human Resource Development', 'MIN-HRD', 'SHSS', 'MINOR', 16, NULL, NULL, NULL, NULL, 0, NULL),
(35, 'Organizational Studies', 'MIN-ORG', 'SHSS', 'MINOR', 15, NULL, NULL, NULL, NULL, 0, NULL),
(36, 'Communication Studies', 'MIN-COM', 'SHSS', 'MINOR', 15, NULL, NULL, NULL, NULL, 0, NULL),
(37, 'Gender Studies', 'MIN-GND', 'SHSS', 'MINOR', 15, NULL, NULL, NULL, NULL, 0, NULL),
(38, 'African Studies', 'MIN-AFR', 'SHSS', 'MINOR', 15, NULL, NULL, NULL, NULL, 0, NULL),
(39, 'Psychology', 'MIN-PSY', 'SHSS', 'MINOR', 15, NULL, NULL, NULL, NULL, 0, NULL),
(40, 'English', 'MIN-ENG', 'SHSS', 'MINOR', 15, NULL, NULL, NULL, NULL, 0, NULL),
(41, 'Business Administration', 'MIN-BUS', 'SBA', 'MINOR', 15, NULL, NULL, NULL, NULL, 0, NULL);

-- ==========================================================
-- ===== End population/03_programs.sql =====

-- ===== Begin population/04_courses.sql =====
-- 4. COMPLETE COURSE CATALOG
-- ==========================================================
INSERT INTO courses (course_id, course_code, title, credits, description, is_active) VALUES

-- ============ GENERAL EDUCATION COURSES ============

-- First Year Experience (2 SCH total)
(1, 'FYE 1101', 'First Year Experience Seminar I', 1, 'Introduction to university life and academic skills', TRUE),
(2, 'FYE 1102', 'First Year Experience Seminar II', 1, 'Continuation of FYE I with career exploration', TRUE),

-- Foundations for Academic Success (2 SCH + 0 non-degree)
(3, 'FAS 0210', 'Strategic Academic Skills', 0, 'Non-degree credit course for academic skills (graduation requirement)', TRUE),
(4, 'FAS 1220', 'Introduction to Critical Thinking', 2, 'Foundations of logical and critical analysis', TRUE),

-- Arabic Courses (2 SCH - choose based on background)
(10, 'ARB 1241', 'Arabic Literature', 2, 'For Moroccan baccalaureate holders', TRUE),
(11, 'ARB 1201', 'Basic Standard Arabic', 2, 'For cultural mission baccalaureate holders', TRUE),
(12, 'ARB 1202', 'Arabic for Academic Purposes', 2, 'Intermediate Arabic for non-native speakers', TRUE),
(13, 'ARB 1203', 'Arabic for Communication Purposes', 2, 'Advanced Arabic communication skills', TRUE),
(14, 'ARA 1201', 'Arabic Beginning', 2, 'For international students with no Arabic', TRUE),
(15, 'ARA 1202', 'Arabic Intermediate', 2, 'Intermediate Arabic for international students', TRUE),
(16, 'ARA 1203', 'Arabic Advanced', 2, 'Advanced Arabic for international students', TRUE),
(17, 'ARA 3299', 'Special Topics in Arabic for Non-Native Speakers', 2, 'Special topics in Arabic', TRUE),

-- French (2 SCH)
(20, 'FRN 3210', 'Advanced French Writing and Speaking Skills', 2, 'Exit-level French requirement', TRUE),
(21, 'FRN 1201', 'French I', 2, 'Beginning French', TRUE),
(22, 'FRN 2201', 'French II', 2, 'Intermediate French', TRUE),

-- Communication (3 SCH)
(30, 'COM 1301', 'Public Speaking', 3, 'Fundamentals of oral communication', TRUE),

-- Computer Science GenEd Options (3-4 SCH)
(40, 'CSC 1300', 'Introduction to Computers', 3, 'Basic computer literacy for non-majors', TRUE),
(41, 'CSC 1401', 'Computer Programming', 4, 'Introduction to programming (Python/Java)', TRUE),

-- English (6 SCH)
(50, 'ENG 1301', 'English Composition', 3, 'Fundamentals of academic writing', TRUE),
(51, 'ENG 2301', 'Critical Thinking & Written Communication', 3, 'Advanced writing for SHSS', TRUE),
(52, 'ENG 2302', 'Writing for Business', 3, 'Business writing for SBA students', TRUE),
(53, 'ENG 2303', 'Technical Writing', 3, 'Technical documentation for SSE students', TRUE),
(54, 'ENG 2311', 'Translation', 3, 'Translation theory and practice', TRUE),
(55, 'ENG 2312', 'News Reporting: An Introduction', 3, 'Fundamentals of journalism', TRUE),
(56, 'ENG 2313', 'Nonfiction Narrative', 3, 'Creative nonfiction writing', TRUE),
(57, 'ENG 2320', 'Creative Writing', 3, 'Fiction and poetry writing', TRUE),

-- History/Political Science (3 SCH)
(60, 'HIS 1301', 'History of the Arab World', 3, 'Survey of Arab history', TRUE),
(61, 'HIS 2301', 'Contemporary World History', 3, '20th century world history', TRUE),
(62, 'HIS 2371', 'History & Cultures of Sub-Saharan Africa', 3, 'African history survey', TRUE),
(63, 'HIS 3301', 'International History: 1914 to Present', 3, 'Modern international relations history', TRUE),
(64, 'HIS 3311', 'Modern Algeria', 3, 'History of Algeria', TRUE),
(65, 'HUM 1310', 'History and Culture of the Amazigh', 3, 'Berber culture and history', TRUE),
(66, 'HUM 2302', 'Introduction to Islamic Civilization', 3, 'Islamic civilization survey', TRUE),
(67, 'PSC 2301', 'Comparative Political Systems', 3, 'Comparative government and politics', TRUE),
(68, 'PSC 2371', 'Introduction to African Politics', 3, 'African political systems', TRUE),
(69, 'PSC 3311', 'Politics in the Developing World', 3, 'Development politics', TRUE),

-- Humanities (3 SCH)
(70, 'LIT 2301', 'Major Works of World Literature', 3, 'Survey of world literary classics', TRUE),
(71, 'HUM 2306', 'Comparative Religion', 3, 'Study of world religions', TRUE),
(72, 'PHI 2301', 'Philosophical Thought', 3, 'Introduction to philosophy', TRUE),
(73, 'PHI 2302', 'History of Ideas', 3, 'Intellectual history', TRUE),
(74, 'HUM 2305', 'Introduction to Ethics', 3, 'Ethical theory and practice', TRUE),
(75, 'HUM 2307', 'Logic and Reasoning', 3, 'Formal and informal logic', TRUE),
(76, 'HUM 2371', 'Popular Culture in Africa', 3, 'African popular culture', TRUE),

-- Arts (3 SCH)
(80, 'ART 1301', 'Music & Vocal Performance', 3, 'Music appreciation and performance', TRUE),
(81, 'ART 1302', 'Dance & Choreography', 3, 'Dance techniques and choreography', TRUE),
(82, 'ART 1303', 'Painting & Sculpture', 3, 'Visual arts studio', TRUE),
(83, 'ART 1304', 'Drama & Theater', 3, 'Theater arts and performance', TRUE),
(84, 'ART 1305', 'Art Appreciation', 3, 'Survey of visual arts', TRUE),
(85, 'ART 1399', 'Special Topics in Arts', 3, 'Variable topics in arts', TRUE),
(86, 'HUM 2301', 'Introduction to Islamic Art & Architecture', 3, 'Islamic artistic traditions', TRUE),
(87, 'LIT 3370', 'Aesthetics', 3, 'Philosophy of art and beauty', TRUE),
(88, 'COM 2327', 'Art & Design Production', 3, 'Digital art and design', TRUE),

-- Mathematics (3 SCH for BBA/BACS, more for BSCSC)
(90, 'MTH 1388', 'Introductory Mathematical Thinking', 3, 'Basic math for non-STEM majors', TRUE),
(91, 'MTH 1305', 'Mathematics for Business', 3, 'Business calculus and statistics', TRUE),
(92, 'MTH 1303', 'Calculus I: Differential and Integral Calculus', 3, 'First calculus course', TRUE),
(93, 'MTH 1304', 'Discrete Mathematics', 3, 'Logic, sets, combinatorics', TRUE),
(94, 'MTH 1311', 'Pre-Calculus', 3, 'Preparation for calculus', TRUE),
(95, 'MTH 1312', 'Integral Calculus', 3, 'Integration techniques', TRUE),
(96, 'MTH 2301', 'Calculus II: Multivariable Calculus', 3, 'Multivariable calculus', TRUE),
(97, 'MTH 2303', 'Linear Algebra and Matrix Theory', 3, 'Linear algebra fundamentals', TRUE),
(98, 'MTH 2304', 'Differential Equations', 3, 'Ordinary differential equations', TRUE),
(99, 'MTH 2320', 'Linear Algebra', 3, 'Matrices and linear transformations', TRUE),
(100, 'MTH 3301', 'Probability and Statistics for Engineers', 3, 'Engineering statistics', TRUE),
(101, 'MTH 3302', 'Complex Variables and Transforms', 3, 'Complex analysis', TRUE),

-- Physical Sciences (4 SCH)
(110, 'BIO 1400', 'Environmental Biology', 4, 'Biology with environmental focus', TRUE),
(111, 'BIO 1401', 'Principles of Biology', 4, 'General biology', TRUE),
(112, 'BIO 1402', 'Biology II', 4, 'Advanced biology topics', TRUE),
(113, 'CHE 1400', 'Chemistry and the Environment', 4, 'Environmental chemistry', TRUE),
(114, 'CHE 1401', 'General Chemistry', 4, 'Introductory chemistry', TRUE),
(115, 'PHY 1400', 'Conceptual Physics', 4, 'Physics for non-majors', TRUE),
(116, 'PHY 1401', 'Physics I', 4, 'Mechanics and thermodynamics', TRUE),
(117, 'PHY 1402', 'Physics II', 4, 'Electricity and magnetism', TRUE),

-- Social Sciences (3 SCH)
(120, 'SOC 1301', 'Principles of Sociology', 3, 'Introduction to sociology', TRUE),
(121, 'GEO 1301', 'Introduction to Geography', 3, 'Physical and human geography', TRUE),
(122, 'SSC 1310', 'Introduction to Anthropology', 3, 'Cultural anthropology', TRUE),
(123, 'PSY 1301', 'Introduction to Psychology', 3, 'General psychology', TRUE),
(124, 'ECO 1300', 'Introduction to Economics', 3, 'Basic economic concepts', TRUE),

-- Civic Engagement (1 SCH)
(130, 'SLP 1101', 'Service Learning Program', 1, 'Community service requirement', TRUE),

-- ============ BBA MAJOR CORE COURSES (50 SCH) ============

-- Accounting
(200, 'ACC 2301', 'Accounting Principles I', 3, 'Financial accounting fundamentals', TRUE),
(201, 'ACC 2302', 'Accounting Principles II', 3, 'Managerial accounting', TRUE),
(202, 'ACC 3201', 'Moroccan Accounting and Taxation', 2, 'Local accounting standards', TRUE),
(203, 'ACC 4305', 'International Accounting', 3, 'Global accounting standards', TRUE),

-- Economics
(210, 'ECO 2301', 'Microeconomics', 3, 'Microeconomic theory', TRUE),
(211, 'ECO 2302', 'Macroeconomics', 3, 'Macroeconomic theory', TRUE),
(212, 'ECO 2310', 'Introduction to International Economics', 3, 'International trade basics', TRUE),
(213, 'ECO 3301', 'International Trade', 3, 'Advanced international economics', TRUE),

-- Finance
(220, 'FIN 3301', 'Principles of Finance', 3, 'Corporate finance fundamentals', TRUE),
(221, 'FIN 3302', 'Money and Banking', 3, 'Financial institutions', TRUE),
(222, 'FIN 3303', 'Corporate Financial Management', 3, 'Advanced corporate finance', TRUE),
(223, 'FIN 3305', 'Introduction to Islamic Banking and Finance', 3, 'Islamic finance principles', TRUE),
(224, 'FIN 3306', 'Corporate Governance', 3, 'Governance structures', TRUE),
(225, 'FIN 3399', 'Special Topics in Finance', 3, 'Variable finance topics', TRUE),
(226, 'FIN 4304', 'International Finance', 3, 'Global financial markets', TRUE),
(227, 'FIN 4305', 'Financial Intermediation', 3, 'Banking and intermediation', TRUE),
(228, 'FIN 4306', 'Financial Investments and Securities Analysis', 3, 'Investment analysis', TRUE),
(229, 'FIN 4307', 'Modern Investment Theory', 3, 'Portfolio theory', TRUE),
(230, 'FIN 4308', 'Financial Futures, Options and Derivatives', 3, 'Derivatives markets', TRUE),

-- General Business
(240, 'GBU 2301', 'Business Statistics', 3, 'Statistics for business', TRUE),
(241, 'GBU 3302', 'Legal Environment and Ethics', 3, 'Business law and ethics', TRUE),
(242, 'GBU 3203', 'Enterprises, Markets and the Moroccan Economy', 2, 'Local business environment', TRUE),
(243, 'GBU 3311', 'Quantitative Methods in Business', 3, 'Operations research methods', TRUE),
(244, 'GBU 3399', 'Special Topics in Business', 3, 'Variable business topics', TRUE),
(245, 'GBU 4100', 'Professional Career Development', 1, 'Career planning', TRUE),
(246, 'GBU 4308', 'Net-Economics and E-Business', 3, 'Digital business models', TRUE),

-- Management
(250, 'MGT 3301', 'Principles of Management', 3, 'Management fundamentals', TRUE),
(251, 'MGT 3302', 'Entrepreneurship', 3, 'Starting new ventures', TRUE),
(252, 'MGT 3305', 'Organizational Behavior', 3, 'Behavior in organizations', TRUE),
(253, 'MGT 3306', 'Conflict Management', 3, 'Managing organizational conflict', TRUE),
(254, 'MGT 3399', 'Special Topics in Management', 3, 'Variable management topics', TRUE),
(255, 'MGT 4301', 'Capstone: Business Policy and Corporate Strategy', 3, 'Strategic management capstone', TRUE),
(256, 'MGT 4303', 'Operations Management', 3, 'Production and operations', TRUE),
(257, 'MGT 4305', 'Advanced Organizational Behavior', 3, 'Advanced OB topics', TRUE),
(258, 'MGT 4306', 'Seminar in International Management', 3, 'Global management issues', TRUE),
(259, 'MGT 4307', 'Management of Small Enterprises', 3, 'Small business management', TRUE),
(260, 'MGT 4308', 'Management of Change', 3, 'Organizational change', TRUE),
(261, 'MGT 4310', 'Tourism and Hospitality Management', 3, 'Tourism industry management', TRUE),
(262, 'MGT 4311', 'Quality Management', 3, 'TQM and quality systems', TRUE),
(263, 'MGT 4312', 'Project Management', 3, 'Project planning and execution', TRUE),
(264, 'MGT 4314', 'Cross-Cultural Management', 3, 'Managing cultural diversity', TRUE),

-- Marketing
(270, 'MKT 3301', 'Principles of Marketing', 3, 'Marketing fundamentals', TRUE),
(271, 'MKT 3302', 'Advertising and Promotion Management', 3, 'Promotional strategies', TRUE),
(272, 'MKT 3303', 'Consumer Behavior', 3, 'Consumer psychology', TRUE),
(273, 'MKT 3304', 'Fundamentals of Services Marketing', 3, 'Services marketing', TRUE),
(274, 'MKT 3305', 'Brand Management', 3, 'Building and managing brands', TRUE),
(275, 'MKT 3399', 'Special Topics in Marketing', 3, 'Variable marketing topics', TRUE),
(276, 'MKT 4302', 'Digital Marketing', 3, 'Online marketing strategies', TRUE),
(277, 'MKT 4304', 'Marketing Research', 3, 'Research methods in marketing', TRUE),
(278, 'MKT 4305', 'Marketing Management', 3, 'Strategic marketing', TRUE),
(279, 'MKT 4306', 'International Marketing', 3, 'Global marketing', TRUE),
(280, 'MKT 4307', 'Product Management & Marketing', 3, 'Product development', TRUE),
(281, 'MKT 4311', 'E-Marketing', 3, 'Electronic marketing', TRUE),

-- MIS
(290, 'MIS 3301', 'Management Information Systems', 3, 'Business information systems', TRUE),
(291, 'MIS 3302', 'Managing IS and Technology in Global Marketplace', 3, 'Global IT management', TRUE),

-- Supply Chain Management
(295, 'SCM 3301', 'Introduction to Management Science', 3, 'Quantitative decision making', TRUE),
(296, 'SCM 3399', 'Special Topics in Logistics and SCM', 3, 'Variable SCM topics', TRUE),
(297, 'SCM 4301', 'Logistics and Supply Chain Management', 3, 'SCM fundamentals', TRUE),
(298, 'SCM 4302', 'Production and Inventory Management', 3, 'Inventory control', TRUE),
(299, 'SCM 4303', 'Management of Transportation', 3, 'Transportation logistics', TRUE),

-- Internship
(300, 'INT 4301', 'Internship (BBA)', 3, 'Professional internship for BBA', TRUE),
(301, 'INT 4302', 'Internship (BACS)', 3, 'Professional internship for Communication', TRUE),

-- ============ COMPUTER SCIENCE COURSES ============

-- CS Core
(400, 'CSC 2302', 'Data Structures', 3, 'Fundamental data structures', TRUE),
(401, 'CSC 2303', 'Advanced Programming', 3, 'Object-oriented programming', TRUE),
(402, 'CSC 2304', 'Computer Organization and Architecture', 3, 'Computer architecture', TRUE),
(403, 'CSC 2305', 'Computer Systems', 3, 'Computer systems and architecture', TRUE),
(404, 'CSC 2306', 'Object Oriented Programming', 3, 'OOP principles', TRUE),
(405, 'CSC 3315', 'Languages and Compilers', 3, 'Programming language theory', TRUE),
(406, 'CSC 3323', 'Analysis of Algorithms', 3, 'Algorithm design and analysis', TRUE),
(407, 'CSC 3324', 'Software Engineering', 3, 'Software development lifecycle', TRUE),
(408, 'CSC 3326', 'Database Systems', 3, 'Database design and SQL', TRUE),
(409, 'CSC 3351', 'Operating Systems', 3, 'OS concepts and design', TRUE),
(410, 'CSC 3371', 'Computer Communications and Networks', 3, 'Networking fundamentals', TRUE),
(411, 'CSC 3374', 'Advanced and Distributed Programming Paradigms', 3, 'Distributed systems', TRUE),
(412, 'CSC 4301', 'Introduction to Artificial Intelligence', 3, 'AI fundamentals', TRUE),
(413, 'CSC 4307', 'Agile Software Engineering and DevOps', 3, 'Agile methodologies', TRUE),
(414, 'CSC 4308', 'Cyber Security', 3, 'Information security', TRUE),
(415, 'CSC 3398', 'Special Topics in Computer Science', 3, 'Variable CS topics', TRUE),

-- Engineering courses for CS
(420, 'EGR 2302', 'Engineering Economics', 3, 'Economic analysis for engineers', TRUE),
(421, 'EGR 3331', 'Digital Logic Design', 3, 'Logic circuits', TRUE),
(422, 'EGR 3401', 'Engineering Probability and Statistics', 3, 'Statistics for engineers', TRUE),
(423, 'EGR 4300', 'Internship (Engineering)', 3, 'Engineering internship', TRUE),
(424, 'EGR 4402', 'Capstone Design', 4, 'Senior design project', TRUE),

-- ============ COMMUNICATION STUDIES COURSES ============

-- School Core (SHSS)
(500, 'SSC 2401', 'Social Statistics', 4, 'Statistics for social sciences', TRUE),
(501, 'SSC 3303', 'Research Methods', 3, 'Social science research methods', TRUE),
(502, 'SSC 4302', 'Senior Capstone for Communication', 3, 'COM senior project', TRUE),
(503, 'COM 2301', 'Professional Communication', 3, 'Business and professional comm', TRUE),

-- COM Major Core
(510, 'COM 1304', 'New Media Technology', 3, 'Digital media technologies', TRUE),
(511, 'COM 2403', 'Photography and Visual Story Telling', 4, 'Visual communication', TRUE),
(512, 'COM 2427', 'Art and Design Production', 4, 'Digital design production', TRUE),
(513, 'COM 3303', 'Global Communication and Media Policy', 3, 'International media policy', TRUE),
(514, 'COM 3320', 'Communication Theories', 3, 'Theories of communication', TRUE),
(515, 'COM 3321', 'Moroccan Media and Society', 3, 'Local media landscape', TRUE),

-- Media Production Concentration
(520, 'COM 2404', 'Introduction to Film Making', 4, 'Film production basics', TRUE),
(521, 'COM 3402', 'Advanced Film Production', 4, 'Advanced filmmaking', TRUE),
(522, 'COM 4405', 'Media Production Project Seminar', 4, 'Senior media project', TRUE),

-- Strategic Communication Concentration
(530, 'COM 3301', 'Public Relations Communication', 3, 'PR fundamentals', TRUE),
(531, 'COM 3311', 'Marketing Communication', 3, 'Marketing communications', TRUE),
(532, 'COM 3330', 'Organizational Communication', 3, 'Comm in organizations', TRUE),

-- COM Electives
(540, 'COM 3304', 'Alternative Media', 3, 'Non-mainstream media', TRUE),
(541, 'COM 3315', 'Media and Gender', 3, 'Gender representation in media', TRUE),
(542, 'COM 3328', 'Media Analysis', 3, 'Analyzing media content', TRUE),
(543, 'COM 3398', 'Special Topics in Media', 3, 'Variable media topics', TRUE),
(544, 'COM 3399', 'Special Topics in Communication', 3, 'Variable comm topics', TRUE),
(545, 'COM 4401', 'Digital Advertising Production', 4, 'Digital ad creation', TRUE),
(546, 'COM 4304', 'Communication and Development', 3, 'Comm for social change', TRUE),
(547, 'COM 3306', 'Global Communication and Media Policy', 3, 'International media', TRUE),

-- ============ HRD COURSES ============
(600, 'HRD 2300', 'Introduction to Human Resource Development', 3, 'HRD fundamentals', TRUE),
(601, 'HRD 2301', 'Business Environment and Ethics for HRD', 3, 'HRD ethics', TRUE),
(602, 'HRD 3302', 'Ethics in Professional Contexts', 3, 'Professional ethics', TRUE),
(603, 'HRD 3303', 'Training and Development', 3, 'Employee training', TRUE),
(604, 'HRD 3304', 'Strategic HRD', 3, 'Strategic HR planning', TRUE),
(605, 'HRD 3305', 'Issues in Human and Social Development', 3, 'Development issues', TRUE),
(606, 'HRD 3399', 'Special Topics in HRD', 3, 'Variable HRD topics', TRUE),
(607, 'HRD 3401', 'Human Capital Management', 4, 'Managing human capital', TRUE),
(608, 'HRD 4302', 'Needs Assessment and Organizational Effectiveness', 3, 'Needs analysis', TRUE),
(609, 'HRD 4303', 'Leadership and Management Development', 3, 'Leadership development', TRUE),
(610, 'HRD 4304', 'Consulting for HRD', 3, 'HR consulting', TRUE),
(611, 'HRD 4305', 'HRD in Public Administration', 3, 'Public sector HRD', TRUE),
(612, 'HRD 4306', 'Organizational Development and Change', 3, 'OD interventions', TRUE),
(613, 'HRD 4307', 'Career Management and Development', 3, 'Career planning', TRUE),
(614, 'HRD 4308', 'Global HRD', 3, 'International HRD', TRUE),

-- ============ LEADERSHIP MINOR COURSES ============
(620, 'LDR 1201', 'Leadership Development Institute I', 2, 'First year LDI program', TRUE),
(621, 'LDR 1202', 'Leadership Development Institute II', 2, 'Second semester LDI', TRUE),
(622, 'LDR 2301', 'Personal Development for Leadership', 3, 'Personal leadership skills', TRUE),
(623, 'LDR 4301', 'Leadership Practicum', 3, 'Applied leadership project', TRUE),

-- ============ PSYCHOLOGY COURSES ============
(630, 'PSY 1303', 'Clinical Psychology & Psychopathology', 3, 'Abnormal psychology', TRUE),
(631, 'PSY 2302', 'Cognitive Sciences & Cognitive Psychology', 3, 'Cognitive psychology', TRUE),
(632, 'PSY 2303', 'Developmental Psychology', 3, 'Human development', TRUE),
(633, 'PSY 2304', 'Psychology of Health', 3, 'Health psychology', TRUE),
(634, 'PSY 3302', 'Social/Organizational Psychology', 3, 'Social psychology', TRUE),
(635, 'PSY 3305', 'Interpersonal Relations and Conflict Resolution', 3, 'Conflict skills', TRUE),
(636, 'PSY 3306', 'Human Sexuality and Gender', 3, 'Gender psychology', TRUE),

-- ============ INTERNATIONAL STUDIES COURSES ============
(640, 'INS 2301', 'Theories of International Relations', 3, 'IR theory', TRUE),
(641, 'INS 3303', 'International Law & Organizations', 3, 'International law', TRUE),
(642, 'INS 3371', 'Africa in World Politics', 3, 'Africa in IR', TRUE),
(643, 'INS 3372', 'Conflict in Contemporary Africa', 3, 'African conflicts', TRUE),
(644, 'INS 3373', 'US Relations with Sub-Saharan Africa', 3, 'US-Africa relations', TRUE),
(645, 'INS 3374', 'EU Relations with Sub-Saharan Africa', 3, 'EU-Africa relations', TRUE),

-- ============ GENDER STUDIES COURSES ============
(650, 'SSC 2315', 'Sex, Gender and Power', 3, 'Gender theory', TRUE),
(651, 'SSC 3311', 'Women and Economic Development', 3, 'Gender and development', TRUE),
(652, 'SSC 3316', 'Gender, Politics and Society', 3, 'Gender in politics', TRUE),
(653, 'SSC 3398', 'Special Topics in Gender Studies', 3, 'Variable gender topics', TRUE),

-- ============ AFRICAN STUDIES COURSES ============
(660, 'SSC 2371', 'Ethnography in Africa', 3, 'African ethnography', TRUE),
(661, 'SSC 3371', 'Urbanization in Sub-Saharan Africa', 3, 'African urbanization', TRUE),
(662, 'SSC 3372', 'Political Economy of Development in Africa', 3, 'African development', TRUE),
(663, 'SSC 3379', 'Special Topics in African Studies', 3, 'Variable Africa topics', TRUE),

-- ============ LITERATURE COURSES ============
(670, 'LIT 3310', 'American Literature: Survey(s)', 3, 'American lit survey', TRUE),
(671, 'LIT 3371', 'African Literature', 3, 'African lit survey', TRUE),
(672, 'LIT 3373', 'British Literature: Survey(s)', 3, 'British lit survey', TRUE),
(673, 'LIT 3374', 'French Literature: Survey(s)', 3, 'French lit survey', TRUE),
(674, 'LIT 3375', 'Moroccan Literature: Survey(s)', 3, 'Moroccan lit survey', TRUE);

-- ==========================================================
-- ===== End population/04_courses.sql =====

-- ===== Begin population/05_course_dependencies.sql =====
-- 5. COURSE DEPENDENCIES (Prerequisites & Corequisites)
-- ==========================================================

-- NOTE: logic_set_id enables OR logic:
-- Same course_id + same logic_set_id = AND (all required)
-- Same course_id + different logic_set_id = OR (satisfy any set)

INSERT INTO course_dependencies (course_id, dependency_course_id, dependency_type, logic_set_id, note) VALUES

-- GenEd Prerequisites
(30, 50, 'PREREQUISITE', 1, NULL),  -- COM 1301 requires ENG 1301
(51, 50, 'PREREQUISITE', 1, NULL),  -- ENG 2301 requires ENG 1301
(51, 30, 'PREREQUISITE', 1, NULL),  -- ENG 2301 requires COM 1301
(52, 50, 'PREREQUISITE', 1, NULL),  -- ENG 2302 requires ENG 1301
(52, 30, 'PREREQUISITE', 1, NULL),  -- ENG 2302 requires COM 1301
(53, 50, 'PREREQUISITE', 1, NULL),  -- ENG 2303 requires ENG 1301
(50, 3, 'COREQUISITE', 1, NULL),    -- ENG 1301 corequisite FAS 0210

-- History/PolSci Prerequisites
(61, 50, 'PREREQUISITE', 1, NULL),  -- HIS 2301 requires ENG 1301
(61, 4, 'PREREQUISITE', 1, NULL),   -- HIS 2301 requires FAS 1220
(67, 50, 'PREREQUISITE', 1, NULL),  -- PSC 2301 requires ENG 1301
(67, 4, 'PREREQUISITE', 1, NULL),   -- PSC 2301 requires FAS 1220
(63, 60, 'PREREQUISITE', 1, NULL),  -- HIS 3301 requires HIS 1301

-- Humanities Prerequisites
(70, 4, 'PREREQUISITE', 1, NULL),   -- LIT 2301 requires FAS 1220
(70, 50, 'PREREQUISITE', 1, NULL),  -- LIT 2301 requires ENG 1301
(72, 4, 'PREREQUISITE', 1, NULL),   -- PHI 2301 requires FAS 1220
(72, 50, 'PREREQUISITE', 1, NULL),  -- PHI 2301 requires ENG 1301

-- Math Prerequisites
(96, 92, 'PREREQUISITE', 1, NULL),  -- Calc II requires Calc I
(97, 96, 'PREREQUISITE', 1, NULL),  -- Linear Algebra requires Calc II
(98, 97, 'PREREQUISITE', 1, NULL),  -- Diff Eq requires Linear Algebra
(100, 96, 'PREREQUISITE', 1, NULL), -- Prob/Stats requires Calc II

-- Physics Prerequisites
(117, 116, 'PREREQUISITE', 1, NULL), -- Physics II requires Physics I

-- ==============================================================
-- BBA Core Prerequisites with OR Logic Examples
-- ==============================================================

-- ACC 2301 requires MTH 1305 OR MTH 1304 OR MTH 1311 (OR logic example)
(200, 91, 'PREREQUISITE', 1, NULL),  -- Set 1: MTH 1305
(200, 93, 'PREREQUISITE', 2, NULL),  -- Set 2: MTH 1304
(200, 94, 'PREREQUISITE', 3, NULL),  -- Set 3: MTH 1311

(201, 200, 'PREREQUISITE', 1, NULL), -- ACC 2302 requires ACC 2301
(202, 200, 'PREREQUISITE', 1, NULL), -- ACC 3201 requires ACC 2301
(202, 201, 'PREREQUISITE', 1, NULL), -- ACC 3201 requires ACC 2302

(210, 91, 'PREREQUISITE', 1, NULL),  -- ECO 2301 requires MTH 1305
(211, 210, 'PREREQUISITE', 1, NULL), -- ECO 2302 requires ECO 2301
(213, 211, 'PREREQUISITE', 1, NULL), -- ECO 3301 requires ECO 2302
(213, 243, 'PREREQUISITE', 1, NULL), -- ECO 3301 requires GBU 3311

(220, 201, 'PREREQUISITE', 1, NULL), -- FIN 3301 requires ACC 2302
(220, 211, 'PREREQUISITE', 1, NULL), -- FIN 3301 requires ECO 2302
(221, 220, 'PREREQUISITE', 1, NULL), -- FIN 3302 requires FIN 3301
(222, 220, 'PREREQUISITE', 1, NULL), -- FIN 3303 requires FIN 3301
(223, 220, 'PREREQUISITE', 1, NULL), -- FIN 3305 requires FIN 3301
(226, 220, 'PREREQUISITE', 1, NULL), -- FIN 4304 requires FIN 3301
(226, 243, 'PREREQUISITE', 1, NULL), -- FIN 4304 requires GBU 3311
(228, 222, 'PREREQUISITE', 1, NULL), -- FIN 4306 requires FIN 3303
(228, 243, 'PREREQUISITE', 1, NULL), -- FIN 4306 requires GBU 3311
(229, 222, 'PREREQUISITE', 1, NULL), -- FIN 4307 requires FIN 3303
(229, 243, 'PREREQUISITE', 1, NULL), -- FIN 4307 requires GBU 3311
(230, 228, 'PREREQUISITE', 1, NULL), -- FIN 4308 requires FIN 4306

(240, 91, 'PREREQUISITE', 1, NULL),  -- GBU 2301 requires MTH 1305
(243, 240, 'PREREQUISITE', 1, NULL), -- GBU 3311 requires GBU 2301

(250, 201, 'PREREQUISITE', 1, NULL), -- MGT 3301 requires ACC 2302
(250, 211, 'PREREQUISITE', 1, NULL), -- MGT 3301 requires ECO 2302
(251, 250, 'PREREQUISITE', 1, NULL), -- MGT 3302 requires MGT 3301
(251, 270, 'PREREQUISITE', 1, NULL), -- MGT 3302 requires MKT 3301
(251, 220, 'PREREQUISITE', 1, NULL), -- MGT 3302 requires FIN 3301
(252, 250, 'PREREQUISITE', 1, NULL), -- MGT 3305 requires MGT 3301
(253, 250, 'PREREQUISITE', 1, NULL), -- MGT 3306 requires MGT 3301
(253, 30, 'PREREQUISITE', 1, NULL),  -- MGT 3306 requires COM 1301
(255, 300, 'PREREQUISITE', 1, NULL), -- MGT 4301 Capstone requires Internship
(256, 250, 'PREREQUISITE', 1, NULL), -- MGT 4303 requires MGT 3301
(256, 243, 'PREREQUISITE', 1, NULL), -- MGT 4303 requires GBU 3311

(270, 201, 'PREREQUISITE', 1, NULL), -- MKT 3301 requires ACC 2302
(270, 211, 'PREREQUISITE', 1, NULL), -- MKT 3301 requires ECO 2302
(271, 270, 'PREREQUISITE', 1, NULL), -- MKT 3302 requires MKT 3301
(272, 270, 'PREREQUISITE', 1, NULL), -- MKT 3303 requires MKT 3301
(277, 270, 'PREREQUISITE', 1, NULL), -- MKT 4304 requires MKT 3301
(278, 250, 'PREREQUISITE', 1, NULL), -- MKT 4305 requires MGT 3301
(279, 250, 'PREREQUISITE', 1, NULL), -- MKT 4306 requires MGT 3301
(280, 250, 'PREREQUISITE', 1, NULL), -- MKT 4307 requires MGT 3301
(280, 270, 'PREREQUISITE', 1, NULL), -- MKT 4307 requires MKT 3301

(290, 41, 'PREREQUISITE', 1, NULL),  -- MIS 3301 requires CSC 1401 or CSC 1300
(290, 250, 'PREREQUISITE', 1, NULL), -- MIS 3301 requires MGT 3301

(295, 240, 'PREREQUISITE', 1, NULL), -- SCM 3301 requires GBU 2301
(297, 295, 'PREREQUISITE', 1, NULL), -- SCM 4301 requires SCM 3301
(298, 295, 'PREREQUISITE', 1, NULL), -- SCM 4302 requires SCM 3301
(299, 297, 'PREREQUISITE', 1, NULL), -- SCM 4303 requires SCM 4301

-- CS Core Prerequisites
(400, 41, 'PREREQUISITE', 1, NULL),  -- Data Structures requires CSC 1401
(401, 400, 'PREREQUISITE', 1, NULL), -- Advanced Programming requires Data Structures
(402, 400, 'PREREQUISITE', 1, NULL), -- Computer Architecture requires Data Structures
(402, 421, 'PREREQUISITE', 1, NULL), -- Computer Architecture requires Digital Logic
(404, 400, 'PREREQUISITE', 1, NULL), -- OOP requires Data Structures
(405, 400, 'PREREQUISITE', 1, NULL), -- Languages & Compilers requires Data Structures
(406, 400, 'PREREQUISITE', 1, NULL), -- Analysis of Algorithms requires Data Structures
(407, 400, 'PREREQUISITE', 1, NULL), -- Software Engineering requires Data Structures
(408, 407, 'PREREQUISITE', 1, NULL), -- Database Systems requires Software Engineering
(409, 400, 'PREREQUISITE', 1, NULL), -- Operating Systems requires Data Structures
(410, 400, 'PREREQUISITE', 1, NULL), -- Networks requires Data Structures
(411, 400, 'PREREQUISITE', 1, NULL), -- Distributed Programming requires Data Structures
(412, 400, 'PREREQUISITE', 1, NULL), -- AI requires Data Structures
(413, 407, 'PREREQUISITE', 1, NULL), -- Agile/DevOps requires Software Engineering
(414, 400, 'PREREQUISITE', 1, NULL), -- Cybersecurity requires Data Structures

-- Communication Prerequisites
(503, 30, 'PREREQUISITE', 1, NULL),  -- COM 2301 requires COM 1301
(510, 30, 'PREREQUISITE', 1, NULL),  -- COM 1304 requires COM 1301
(511, 510, 'PREREQUISITE', 1, NULL), -- COM 2403 requires COM 1304
(520, 510, 'PREREQUISITE', 1, NULL), -- COM 2404 requires COM 1304
(521, 520, 'PREREQUISITE', 1, NULL), -- COM 3402 requires COM 2404
(522, 521, 'PREREQUISITE', 1, NULL), -- COM 4405 requires COM 3402
(530, 510, 'PREREQUISITE', 1, NULL), -- COM 3301 requires COM 1304
(531, 500, 'PREREQUISITE', 1, NULL), -- COM 3311 requires SSC 2401
(532, 503, 'PREREQUISITE', 1, NULL), -- COM 3330 requires COM 2301
(545, 512, 'PREREQUISITE', 1, NULL), -- COM 4401 requires COM 2427

-- HRD Prerequisites
(603, 600, 'PREREQUISITE', 1, NULL), -- HRD 3303 requires HRD 2300
(604, 600, 'PREREQUISITE', 1, NULL), -- HRD 3304 requires HRD 2300
(604, 607, 'PREREQUISITE', 1, NULL), -- HRD 3304 requires HRD 3401
(607, 600, 'PREREQUISITE', 1, NULL), -- HRD 3401 requires HRD 2300
(608, 600, 'PREREQUISITE', 1, NULL), -- HRD 4302 requires HRD 2300
(608, 607, 'PREREQUISITE', 1, NULL), -- HRD 4302 requires HRD 3401
(608, 603, 'COREQUISITE', 1, NULL),  -- HRD 4302 corequisite HRD 3303
(609, 634, 'PREREQUISITE', 1, NULL), -- HRD 4303 requires PSY 3302 or MGT 3305
(610, 600, 'PREREQUISITE', 1, NULL), -- HRD 4304 requires HRD 2300
(610, 607, 'PREREQUISITE', 1, NULL), -- HRD 4304 requires HRD 3401
(610, 604, 'PREREQUISITE', 1, NULL), -- HRD 4304 requires HRD 3304
(612, 607, 'PREREQUISITE', 1, NULL), -- HRD 4306 requires HRD 3401
(612, 634, 'PREREQUISITE', 1, NULL), -- HRD 4306 requires PSY 3302
(612, 604, 'COREQUISITE', 1, NULL),  -- HRD 4306 corequisite HRD 3304
(613, 600, 'PREREQUISITE', 1, NULL), -- HRD 4307 requires HRD 2300
(613, 607, 'PREREQUISITE', 1, NULL), -- HRD 4307 requires HRD 3401
(614, 600, 'PREREQUISITE', 1, NULL), -- HRD 4308 requires HRD 2300
(614, 604, 'PREREQUISITE', 1, NULL), -- HRD 4308 requires HRD 3304

-- Psychology Prerequisites
(630, 123, 'PREREQUISITE', 1, NULL), -- PSY 1303 requires PSY 1301
(631, 123, 'PREREQUISITE', 1, NULL), -- PSY 2302 requires PSY 1301
(632, 123, 'PREREQUISITE', 1, NULL), -- PSY 2303 requires PSY 1301
(633, 123, 'PREREQUISITE', 1, NULL), -- PSY 2304 requires PSY 1301
(634, 123, 'PREREQUISITE', 1, NULL), -- PSY 3302 requires PSY 1301
(635, 123, 'PREREQUISITE', 1, NULL), -- PSY 3305 requires PSY 1301
(636, 123, 'PREREQUISITE', 1, NULL), -- PSY 3306 requires PSY 1301

-- International Studies Prerequisites
(640, 67, 'PREREQUISITE', 1, NULL),  -- INS 2301 requires PSC 2301
(641, 640, 'PREREQUISITE', 1, NULL), -- INS 3303 requires INS 2301
(68, 67, 'PREREQUISITE', 1, NULL);   -- PSC 2371 requires PSC 2301

-- ==========================================================
-- ===== End population/05_course_dependencies.sql =====

-- ===== Begin population/06_program_requirement_groups.sql =====
-- 6. PROGRAM REQUIREMENT GROUPS
-- ==========================================================

-- ============ GENERAL EDUCATION (Shared across programs) ============

-- GenEd for BBA (40 SCH)
INSERT INTO program_requirement_groups (group_id, program_id, name, credits_required, min_courses_required, parent_group_id) VALUES
(100, 1, 'BBA General Education', 40, 0, NULL),
(101, 1, 'First Year Experience', 2, 2, 100),
(102, 1, 'Foundations for Academic Success', 2, 2, 100),
(103, 1, 'Arabic', 2, 1, 100),
(104, 1, 'French', 2, 1, 100),
(105, 1, 'Communication', 3, 1, 100),
(106, 1, 'Computer Science', 3, 1, 100),
(107, 1, 'English', 6, 2, 100),
(108, 1, 'History or Political Science', 3, 1, 100),
(109, 1, 'Humanities', 3, 1, 100),
(110, 1, 'Art Appreciation & Creation', 3, 1, 100),
(111, 1, 'Mathematics', 3, 1, 100),
(112, 1, 'Physical Sciences', 4, 1, 100),
(113, 1, 'Social Sciences', 3, 1, 100),
(114, 1, 'Civic Engagement', 1, 1, 100);

-- GenEd for BACS (40 SCH)
INSERT INTO program_requirement_groups (group_id, program_id, name, credits_required, min_courses_required, parent_group_id) VALUES
(150, 2, 'BACS General Education', 40, 0, NULL),
(151, 2, 'First Year Experience', 2, 2, 150),
(152, 2, 'Foundations for Academic Success', 2, 2, 150),
(153, 2, 'Arabic', 2, 1, 150),
(154, 2, 'French', 2, 1, 150),
(155, 2, 'Communication', 3, 1, 150),
(156, 2, 'Computer Science', 3, 1, 150),
(157, 2, 'English', 6, 2, 150),
(158, 2, 'History or Political Science', 3, 1, 150),
(159, 2, 'Humanities', 3, 1, 150),
(160, 2, 'Art Appreciation & Creation', 3, 1, 150),
(161, 2, 'Mathematics', 3, 1, 150),
(162, 2, 'Physical Sciences', 4, 1, 150),
(163, 2, 'Social Sciences', 3, 1, 150),
(164, 2, 'Civic Engagement', 1, 1, 150);

-- GenEd for BSCSC (30 SCH - different structure)
INSERT INTO program_requirement_groups (group_id, program_id, name, credits_required, min_courses_required, parent_group_id) VALUES
(200, 3, 'BSCSC General Education', 30, 0, NULL),
(201, 3, 'First Year Experience', 2, 2, 200),
(202, 3, 'Foundations for Academic Success', 2, 2, 200),
(203, 3, 'Arabic', 2, 1, 200),
(204, 3, 'French', 2, 1, 200),
(205, 3, 'Communication', 3, 1, 200),
(206, 3, 'English', 6, 2, 200),
(207, 3, 'History or Political Science', 3, 1, 200),
(208, 3, 'Humanities', 3, 1, 200),
(209, 3, 'Art Appreciation & Creation', 3, 1, 200),
(210, 3, 'Social Sciences', 3, 1, 200),
(211, 3, 'Civic Engagement', 1, 1, 200);

-- ============ BBA MAJOR REQUIREMENTS ============

INSERT INTO program_requirement_groups (group_id, program_id, name, credits_required, min_courses_required, parent_group_id) VALUES
(300, 1, 'BBA Business Major Common Core', 50, 18, NULL),
(301, 1, 'BBA Concentration', 15, 5, NULL),
(302, 1, 'BBA Minor', 15, 0, NULL),
(303, 1, 'BBA Electives', 9, 3, NULL);

-- ============ BACS MAJOR REQUIREMENTS ============

INSERT INTO program_requirement_groups (group_id, program_id, name, credits_required, min_courses_required, parent_group_id) VALUES
(350, 2, 'BACS School Core Curriculum', 19, 6, NULL),
(351, 2, 'BACS Communication Studies Major Core', 20, 6, NULL),
(352, 2, 'BACS Concentration', 21, 0, NULL),  -- 21-25 based on concentration
(353, 2, 'BACS Minor', 15, 0, NULL),
(354, 2, 'BACS Electives', 9, 3, NULL);

-- ============ BSCSC MAJOR REQUIREMENTS ============

INSERT INTO program_requirement_groups (group_id, program_id, name, credits_required, min_courses_required, parent_group_id) VALUES
(400, 3, 'BSCSC Mathematics Requirements', 15, 5, NULL),
(401, 3, 'BSCSC Sciences and Engineering Requirements', 15, 4, NULL),
(402, 3, 'BSCSC Computing Core & Major Requirements', 55, 15, NULL),
(403, 3, 'BSCSC Minor', 15, 5, NULL),
(404, 3, 'BSCSC Free Electives', 6, 2, NULL);

-- ============ BBA CONCENTRATION REQUIREMENTS ============

-- Finance Concentration (ID 10)
INSERT INTO program_requirement_groups (group_id, program_id, name, credits_required, min_courses_required, parent_group_id) VALUES
(500, 10, 'Finance Concentration Courses', 15, 5, NULL);

-- Management Concentration (ID 11)
INSERT INTO program_requirement_groups (group_id, program_id, name, credits_required, min_courses_required, parent_group_id) VALUES
(510, 11, 'Management Concentration Courses', 15, 5, NULL);

-- Marketing Concentration (ID 12)
INSERT INTO program_requirement_groups (group_id, program_id, name, credits_required, min_courses_required, parent_group_id) VALUES
(520, 12, 'Marketing Concentration Courses', 15, 5, NULL);

-- International Business Concentration (ID 13)
INSERT INTO program_requirement_groups (group_id, program_id, name, credits_required, min_courses_required, parent_group_id) VALUES
(530, 13, 'International Business Concentration Courses', 15, 5, NULL);

-- Logistics & SCM Concentration (ID 14)
INSERT INTO program_requirement_groups (group_id, program_id, name, credits_required, min_courses_required, parent_group_id) VALUES
(540, 14, 'Logistics SCM Required', 3, 1, NULL),
(541, 14, 'Logistics SCM Electives', 12, 4, NULL);

-- ============ BACS CONCENTRATION REQUIREMENTS ============

-- Media Production Concentration (ID 20)
INSERT INTO program_requirement_groups (group_id, program_id, name, credits_required, min_courses_required, parent_group_id) VALUES
(600, 20, 'Media Production Required Courses', 12, 3, NULL),
(601, 20, 'Media Production Optional Courses', 9, 3, NULL);

-- Strategic Communication Concentration (ID 21)
INSERT INTO program_requirement_groups (group_id, program_id, name, credits_required, min_courses_required, parent_group_id) VALUES
(610, 21, 'Strategic Communication Required Courses', 9, 3, NULL),
(611, 21, 'Strategic Communication Optional Courses', 12, 4, NULL);

-- ============ MINOR REQUIREMENTS ============

-- Leadership Minor (ID 30)
INSERT INTO program_requirement_groups (group_id, program_id, name, credits_required, min_courses_required, parent_group_id) VALUES
(700, 30, 'Leadership Required Courses', 13, 5, NULL),
(701, 30, 'Leadership Elective', 3, 1, NULL);

-- Computer Science Minor (ID 31)
INSERT INTO program_requirement_groups (group_id, program_id, name, credits_required, min_courses_required, parent_group_id) VALUES
(710, 31, 'CS Minor Required Courses', 6, 2, NULL),
(711, 31, 'CS Minor Electives', 9, 3, NULL);

-- Mathematics Minor (ID 32)
INSERT INTO program_requirement_groups (group_id, program_id, name, credits_required, min_courses_required, parent_group_id) VALUES
(720, 32, 'Math Minor Required Courses', 6, 2, NULL),
(721, 32, 'Math Minor Electives', 9, 3, NULL);

-- International Studies Minor (ID 33)
INSERT INTO program_requirement_groups (group_id, program_id, name, credits_required, min_courses_required, parent_group_id) VALUES
(730, 33, 'IS Minor Required Courses', 6, 2, NULL),
(731, 33, 'IS Minor Electives', 6, 2, NULL),
(732, 33, 'IS Minor Optional', 3, 1, NULL);

-- HRD Minor (ID 34)
INSERT INTO program_requirement_groups (group_id, program_id, name, credits_required, min_courses_required, parent_group_id) VALUES
(740, 34, 'HRD Minor Required Courses', 10, 3, NULL),
(741, 34, 'HRD Minor Electives', 6, 2, NULL);

-- Psychology Minor (ID 39)
INSERT INTO program_requirement_groups (group_id, program_id, name, credits_required, min_courses_required, parent_group_id) VALUES
(750, 39, 'Psychology Minor Required Courses', 6, 2, NULL),
(751, 39, 'Psychology Minor Electives', 9, 3, NULL);

-- Gender Studies Minor (ID 37)
INSERT INTO program_requirement_groups (group_id, program_id, name, credits_required, min_courses_required, parent_group_id) VALUES
(760, 37, 'Gender Studies Required Courses', 12, 4, NULL),
(761, 37, 'Gender Studies Optional', 3, 1, NULL);

-- African Studies Minor (ID 38)
INSERT INTO program_requirement_groups (group_id, program_id, name, credits_required, min_courses_required, parent_group_id) VALUES
(770, 38, 'African Studies Required Courses', 9, 3, NULL),
(771, 38, 'African Studies Electives', 6, 2, NULL);

-- English Minor (ID 40)
INSERT INTO program_requirement_groups (group_id, program_id, name, credits_required, min_courses_required, parent_group_id) VALUES
(780, 40, 'English Minor Writing Courses', 6, 2, NULL),
(781, 40, 'English Minor Literature Courses', 9, 3, NULL);

-- Business Administration Minor (ID 41)
INSERT INTO program_requirement_groups (group_id, program_id, name, credits_required, min_courses_required, parent_group_id) VALUES
(790, 41, 'BA Minor Required Courses', 9, 3, NULL),
(791, 41, 'BA Minor Electives', 6, 2, NULL);

-- Communication Studies Minor (ID 36)
INSERT INTO program_requirement_groups (group_id, program_id, name, credits_required, min_courses_required, parent_group_id) VALUES
(800, 36, 'COM Minor Required Courses', 9, 3, NULL),
(801, 36, 'COM Minor Electives', 6, 2, NULL);

-- Organizational Studies Minor (ID 35)
INSERT INTO program_requirement_groups (group_id, program_id, name, credits_required, min_courses_required, parent_group_id) VALUES
(810, 35, 'Org Studies Required Courses', 9, 3, NULL),
(811, 35, 'Org Studies Electives', 6, 2, NULL);

-- ==========================================================
-- ===== End population/06_program_requirement_groups.sql =====

-- ===== Begin population/07_requirement_group_courses.sql =====
-- 7. REQUIREMENT GROUP COURSES (Linking courses to requirements)
-- ==========================================================

-- ============ BBA GENED COURSE LINKS ============
INSERT INTO requirement_group_courses (group_id, course_id, is_mandatory) VALUES
-- First Year Experience
(101, 1, TRUE), -- FYE 1101
(101, 2, TRUE), -- FYE 1102
-- Foundations
(102, 3, TRUE), -- FAS 0210
(102, 4, TRUE), -- FAS 1220
-- Arabic (one required)
(103, 10, FALSE), (103, 11, FALSE), (103, 12, FALSE), (103, 13, FALSE),
(103, 14, FALSE), (103, 15, FALSE), (103, 16, FALSE), (103, 17, FALSE),
-- French
(104, 20, TRUE), -- FRN 3210
-- Communication
(105, 30, TRUE), -- COM 1301
-- Computer Science (choose one)
(106, 40, FALSE), (106, 41, FALSE),
-- English (both required for BBA)
(107, 50, TRUE), -- ENG 1301
(107, 52, TRUE), -- ENG 2302
-- History/PolSci (choose one)
(108, 60, FALSE), (108, 61, FALSE), (108, 65, FALSE), (108, 66, FALSE), (108, 67, FALSE),
-- Humanities (choose one)
(109, 70, FALSE), (109, 71, FALSE), (109, 72, FALSE), (109, 73, FALSE),
-- Arts (choose one)
(110, 80, FALSE), (110, 81, FALSE), (110, 82, FALSE), (110, 83, FALSE), 
(110, 84, FALSE), (110, 85, FALSE), (110, 86, FALSE), (110, 87, FALSE), (110, 88, FALSE), (110, 57, FALSE),
-- Mathematics
(111, 91, TRUE), -- MTH 1305
-- Physical Sciences (choose one)
(112, 110, FALSE), (112, 111, FALSE), (112, 113, FALSE), (112, 115, FALSE),
-- Social Sciences (choose one)
(113, 120, FALSE), (113, 121, FALSE), (113, 122, FALSE), (113, 123, FALSE),
-- Civic Engagement
(114, 130, TRUE); -- SLP 1101

-- ============ BBA MAJOR CORE COURSE LINKS ============
INSERT INTO requirement_group_courses (group_id, course_id, is_mandatory) VALUES
(300, 200, TRUE), -- ACC 2301
(300, 201, TRUE), -- ACC 2302
(300, 202, TRUE), -- ACC 3201
(300, 210, TRUE), -- ECO 2301
(300, 211, TRUE), -- ECO 2302
(300, 220, TRUE), -- FIN 3301
(300, 240, TRUE), -- GBU 2301
(300, 241, TRUE), -- GBU 3302
(300, 242, TRUE), -- GBU 3203
(300, 243, TRUE), -- GBU 3311
(300, 245, TRUE), -- GBU 4100
(300, 250, TRUE), -- MGT 3301
(300, 251, TRUE), -- MGT 3302
(300, 256, TRUE), -- MGT 4303
(300, 255, TRUE), -- MGT 4301 (Capstone)
(300, 270, TRUE), -- MKT 3301
(300, 290, TRUE), -- MIS 3301
(300, 300, TRUE); -- INT 4301

-- ============ BBA CONCENTRATION COURSE LINKS ============

-- Finance Concentration
INSERT INTO requirement_group_courses (group_id, course_id, is_mandatory) VALUES
(500, 221, FALSE), (500, 222, FALSE), (500, 223, FALSE), (500, 224, FALSE),
(500, 225, FALSE), (500, 226, FALSE), (500, 227, FALSE), (500, 228, FALSE),
(500, 229, FALSE), (500, 230, FALSE);

-- Management Concentration
INSERT INTO requirement_group_courses (group_id, course_id, is_mandatory) VALUES
(510, 607, FALSE), -- HRD 3401
(510, 609, FALSE), -- HRD 4303
(510, 252, FALSE), -- MGT 3305
(510, 253, FALSE), -- MGT 3306
(510, 254, FALSE), -- MGT 3399
(510, 257, FALSE), -- MGT 4305
(510, 258, FALSE), -- MGT 4306
(510, 259, FALSE), -- MGT 4307
(510, 260, FALSE), -- MGT 4308
(510, 261, FALSE), -- MGT 4310
(510, 262, FALSE), -- MGT 4311
(510, 263, FALSE), -- MGT 4312
(510, 264, FALSE), -- MGT 4314
(510, 280, FALSE); -- MKT 4307

-- Marketing Concentration
INSERT INTO requirement_group_courses (group_id, course_id, is_mandatory) VALUES
(520, 271, FALSE), -- MKT 3302
(520, 272, FALSE), -- MKT 3303
(520, 273, FALSE), -- MKT 3304
(520, 274, FALSE), -- MKT 3305
(520, 275, FALSE), -- MKT 3399
(520, 276, FALSE), -- MKT 4302
(520, 277, FALSE), -- MKT 4304
(520, 278, FALSE), -- MKT 4305
(520, 279, FALSE), -- MKT 4306
(520, 280, FALSE), -- MKT 4307
(520, 281, FALSE); -- MKT 4311

-- International Business Concentration
INSERT INTO requirement_group_courses (group_id, course_id, is_mandatory) VALUES
(530, 203, FALSE), -- ACC 4305
(530, 213, FALSE), -- ECO 3301
(530, 226, FALSE), -- FIN 4304
(530, 244, FALSE), -- GBU 3399
(530, 246, FALSE), -- GBU 4308
(530, 258, FALSE), -- MGT 4306
(530, 264, FALSE), -- MGT 4314
(530, 279, FALSE), -- MKT 4306
(530, 291, FALSE); -- MIS 3302

-- Logistics/SCM Concentration
INSERT INTO requirement_group_courses (group_id, course_id, is_mandatory) VALUES
(540, 295, TRUE),  -- SCM 3301 (Required)
(541, 213, FALSE), -- ECO 3301
(541, 262, FALSE), -- MGT 4311
(541, 263, FALSE), -- MGT 4312
(541, 296, FALSE), -- SCM 3399
(541, 297, FALSE), -- SCM 4301
(541, 298, FALSE), -- SCM 4302
(541, 299, FALSE); -- SCM 4303

-- ============ BACS GENED COURSE LINKS ============
INSERT INTO requirement_group_courses (group_id, course_id, is_mandatory) VALUES
(151, 1, TRUE), (151, 2, TRUE),
(152, 3, TRUE), (152, 4, TRUE),
(153, 10, FALSE), (153, 11, FALSE), (153, 12, FALSE), (153, 13, FALSE),
(153, 14, FALSE), (153, 15, FALSE), (153, 16, FALSE), (153, 17, FALSE),
(154, 20, TRUE),
(155, 30, TRUE),
(156, 40, FALSE), (156, 41, FALSE),
(157, 50, TRUE), (157, 51, TRUE), -- ENG 1301 + ENG 2301 for BACS
(158, 60, FALSE), (158, 61, FALSE), (158, 65, FALSE), (158, 66, FALSE), (158, 67, FALSE),
(159, 70, FALSE), (159, 71, FALSE), (159, 72, FALSE), (159, 73, FALSE),
(160, 80, FALSE), (160, 81, FALSE), (160, 82, FALSE), (160, 83, FALSE),
(160, 84, FALSE), (160, 85, FALSE), (160, 86, FALSE), (160, 87, FALSE), (160, 57, FALSE),
(161, 90, FALSE), (161, 91, FALSE), -- MTH 1388 or MTH 1305
(162, 110, FALSE), (162, 113, FALSE), (162, 115, FALSE),
(163, 120, FALSE), (163, 121, FALSE), (163, 122, FALSE), (163, 123, FALSE),
(164, 130, TRUE);

-- ============ BACS SCHOOL CORE ============
INSERT INTO requirement_group_courses (group_id, course_id, is_mandatory) VALUES
(350, 124, TRUE), -- ECO 1300
(350, 501, TRUE), -- SSC 3303
(350, 503, TRUE), -- COM 2301
(350, 500, TRUE), -- SSC 2401
(350, 502, TRUE), -- SSC 4302
(350, 301, TRUE); -- INT 4302

-- ============ BACS MAJOR CORE ============
INSERT INTO requirement_group_courses (group_id, course_id, is_mandatory) VALUES
(351, 510, TRUE), -- COM 1304
(351, 511, TRUE), -- COM 2403
(351, 512, TRUE), -- COM 2427
(351, 513, TRUE), -- COM 3303
(351, 514, TRUE), -- COM 3320
(351, 515, TRUE); -- COM 3321

-- ============ BACS MEDIA PRODUCTION CONCENTRATION ============
INSERT INTO requirement_group_courses (group_id, course_id, is_mandatory) VALUES
(600, 520, TRUE),  -- COM 2404 (Required)
(600, 521, TRUE),  -- COM 3402 (Required)
(600, 522, TRUE),  -- COM 4405 (Required)
-- Optional courses for Media Production (choose 3)
(601, 530, FALSE), (601, 540, FALSE), (601, 541, FALSE), (601, 531, FALSE),
(601, 542, FALSE), (601, 532, FALSE), (601, 543, FALSE), (601, 544, FALSE),
(601, 545, FALSE), (601, 546, FALSE);

-- ============ BACS STRATEGIC COMMUNICATION CONCENTRATION ============
INSERT INTO requirement_group_courses (group_id, course_id, is_mandatory) VALUES
(610, 530, TRUE),  -- COM 3301 (Required)
(610, 531, TRUE),  -- COM 3311 (Required)
(610, 532, TRUE),  -- COM 3330 (Required)
-- Optional courses for Strategic Comm (choose 4)
(611, 520, FALSE), (611, 540, FALSE), (611, 541, FALSE), (611, 542, FALSE),
(611, 521, FALSE), (611, 543, FALSE), (611, 544, FALSE), (611, 545, FALSE),
(611, 546, FALSE), (611, 522, FALSE);

-- ============ BSCSC GENED COURSE LINKS ============
INSERT INTO requirement_group_courses (group_id, course_id, is_mandatory) VALUES
(201, 1, TRUE), (201, 2, TRUE),
(202, 3, TRUE), (202, 4, TRUE),
(203, 10, FALSE), (203, 11, FALSE), (203, 12, FALSE), (203, 13, FALSE),
(203, 14, FALSE), (203, 15, FALSE), (203, 16, FALSE), (203, 17, FALSE),
(204, 20, TRUE),
(205, 30, TRUE),
(206, 50, TRUE), -- ENG 1301 English Composition
(206, 53, TRUE), -- ENG 2303 Technical Writing
(207, 60, FALSE), (207, 61, FALSE), (207, 65, FALSE), (207, 66, FALSE), (207, 67, FALSE),
(208, 74, FALSE), (208, 71, FALSE), (208, 72, FALSE), (208, 73, FALSE), (208, 70, FALSE),
(209, 80, FALSE), (209, 81, FALSE), (209, 82, FALSE), (209, 83, FALSE),
(209, 84, FALSE), (209, 85, FALSE), (209, 86, FALSE), (209, 87, FALSE), (209, 57, FALSE),
(210, 120, FALSE), (210, 121, FALSE), (210, 122, FALSE), (210, 123, FALSE), (210, 124, FALSE),
(211, 130, TRUE);

-- ============ BSCSC MATH REQUIREMENTS ============
INSERT INTO requirement_group_courses (group_id, course_id, is_mandatory) VALUES
(400, 92, TRUE),  -- MTH 1303 Calculus I
(400, 93, TRUE),  -- MTH 1304 Discrete Math
(400, 96, TRUE),  -- MTH 2301 Calculus II
(400, 99, TRUE),  -- MTH 2320 Linear Algebra
(400, 100, TRUE); -- MTH 3301 Prob & Stats

-- ============ BSCSC SCIENCE/ENGINEERING REQUIREMENTS ============
INSERT INTO requirement_group_courses (group_id, course_id, is_mandatory) VALUES
(401, 116, TRUE), -- PHY 1401
(401, 117, TRUE), -- PHY 1402
(401, 420, TRUE), -- EGR 2302
(401, 111, FALSE), (401, 112, FALSE), (401, 114, FALSE); -- Basic Science elective

-- ============ BSCSC COMPUTING CORE ============
INSERT INTO requirement_group_courses (group_id, course_id, is_mandatory) VALUES
(402, 41, TRUE),  -- CSC 1401
(402, 400, TRUE), -- CSC 2302
(402, 403, TRUE), -- CSC 2305
(402, 404, TRUE), -- CSC 2306
(402, 405, TRUE), -- CSC 3315
(402, 406, TRUE), -- CSC 3323
(402, 407, TRUE), -- CSC 3324
(402, 408, TRUE), -- CSC 3326
(402, 409, TRUE), -- CSC 3351
(402, 410, TRUE), -- CSC 3371
(402, 411, TRUE), -- CSC 3374
(402, 412, TRUE), -- CSC 4301
(402, 413, TRUE), -- CSC 4307
(402, 414, TRUE), -- CSC 4308
(402, 423, TRUE), -- EGR 4300 Internship
(402, 424, TRUE), -- EGR 4402 Capstone
-- Computing Electives (5 additional credits to fulfill 55 credit requirement)
(402, 415, FALSE), -- CSC 3398 Special Topics (3cr)
(402, 421, FALSE), -- EGR 3331 Digital Logic Design (3cr)
(402, 401, FALSE), -- CSC 2303 Advanced Programming (3cr)
(402, 402, FALSE); -- CSC 2304 Computer Organization (3cr)

-- ============ MINOR COURSE LINKS ============

-- Leadership Minor
INSERT INTO requirement_group_courses (group_id, course_id, is_mandatory) VALUES
(700, 620, TRUE), -- LDR 1201
(700, 621, TRUE), -- LDR 1202
(700, 622, TRUE), -- LDR 2301
(700, 609, TRUE), -- HRD 4303
(700, 623, TRUE), -- LDR 4301
(701, 123, FALSE), (701, 120, FALSE), -- PSY 1301 or SOC 1301
(701, 547, FALSE), -- COM 3306
(701, 241, FALSE), -- GBU 3302
(701, 601, FALSE), (701, 602, FALSE), -- HRD 2301 or HRD 3302
(701, 612, FALSE), -- HRD 4306
(701, 252, FALSE), -- MGT 3305
(701, 253, FALSE), -- MGT 3306
(701, 260, FALSE), -- MGT 4308
(701, 263, FALSE), -- MGT 4312
(701, 264, FALSE), -- MGT 4314
(701, 69, FALSE),  -- PSC 3311
(701, 633, FALSE), -- PSY 2304
(701, 635, FALSE), -- PSY 3305
(701, 652, FALSE); -- SSC 3316

-- Computer Science Minor
INSERT INTO requirement_group_courses (group_id, course_id, is_mandatory) VALUES
(710, 400, TRUE), -- CSC 2302 (Required)
(710, 401, TRUE), -- CSC 2303 (Required)
(711, 407, FALSE), -- CSC 3324
(711, 408, FALSE), -- CSC 3326
(711, 402, FALSE), -- CSC 2304
(711, 415, FALSE); -- Any advanced CSC

-- Mathematics Minor
INSERT INTO requirement_group_courses (group_id, course_id, is_mandatory) VALUES
(720, 95, TRUE),  -- MTH 1312 (Required)
(720, 96, TRUE),  -- MTH 2301 (Required)
(721, 93, FALSE), -- MTH 1304
(721, 97, FALSE), -- MTH 2303
(721, 98, FALSE), -- MTH 2304
(721, 100, FALSE), -- MTH 3301
(721, 101, FALSE); -- MTH 3302

-- International Studies Minor
INSERT INTO requirement_group_courses (group_id, course_id, is_mandatory) VALUES
(730, 640, TRUE), -- INS 2301 (Required)
(730, 67, TRUE),  -- PSC 2301 (Required)
(731, 212, FALSE), -- ECO 2310
(731, 121, FALSE), -- GEO 1301
(731, 63, FALSE),  -- HIS 3301
(731, 641, FALSE); -- INS 3303

-- HRD Minor
INSERT INTO requirement_group_courses (group_id, course_id, is_mandatory) VALUES
(740, 600, TRUE), -- HRD 2300 (Required)
(740, 607, TRUE), -- HRD 3401 (Required)
(740, 602, TRUE), -- HRD 3302 (Required for BA students)
(741, 603, FALSE), -- HRD 3303
(741, 604, FALSE), -- HRD 3304
(741, 606, FALSE), -- HRD 3399
(741, 608, FALSE), -- HRD 4302
(741, 609, FALSE), -- HRD 4303
(741, 610, FALSE), -- HRD 4304
(741, 612, FALSE), -- HRD 4306
(741, 613, FALSE), -- HRD 4307
(741, 614, FALSE); -- HRD 4308

-- Psychology Minor
INSERT INTO requirement_group_courses (group_id, course_id, is_mandatory) VALUES
(750, 630, TRUE), -- PSY 1303 (Required)
(750, 631, TRUE), -- PSY 2302 (Required)
(751, 634, FALSE), -- PSY 3302
(751, 635, FALSE), -- PSY 3305
(751, 633, FALSE), -- PSY 2304
(751, 636, FALSE), -- PSY 3306
(751, 632, FALSE); -- PSY 2303

-- Gender Studies Minor
INSERT INTO requirement_group_courses (group_id, course_id, is_mandatory) VALUES
(760, 650, TRUE), -- SSC 2315 (Required)
(760, 651, TRUE), -- SSC 3311 (Required)
(760, 541, TRUE), -- COM 3315 (Required)
(760, 652, TRUE), -- SSC 3316 (Required)
(761, 636, FALSE), -- PSY 3306
(761, 653, FALSE); -- SSC 3398

-- African Studies Minor
INSERT INTO requirement_group_courses (group_id, course_id, is_mandatory) VALUES
(770, 76, TRUE),  -- HUM 2371 (Required)
(770, 68, TRUE),  -- PSC 2371 (Required)
(770, 62, TRUE),  -- HIS 2371 (Required)
(771, 64, FALSE), -- HIS 3311
(771, 671, FALSE), -- LIT 3371
(771, 642, FALSE), -- INS 3371
(771, 643, FALSE), -- INS 3372
(771, 644, FALSE), -- INS 3373
(771, 645, FALSE), -- INS 3374
(771, 660, FALSE), -- SSC 2371
(771, 661, FALSE), -- SSC 3371
(771, 662, FALSE), -- SSC 3372
(771, 663, FALSE); -- SSC 3379

-- English Minor
INSERT INTO requirement_group_courses (group_id, course_id, is_mandatory) VALUES
(780, 54, FALSE), -- ENG 2311
(780, 55, FALSE), -- ENG 2312
(780, 56, FALSE), -- ENG 2313
(780, 57, FALSE), -- ENG 2320
(781, 87, FALSE), -- LIT 3370
(781, 671, FALSE), -- LIT 3371
(781, 670, FALSE), -- LIT 3310
(781, 672, FALSE), -- LIT 3373
(781, 673, FALSE), -- LIT 3374
(781, 674, FALSE); -- LIT 3375

-- Business Administration Minor
INSERT INTO requirement_group_courses (group_id, course_id, is_mandatory) VALUES
(790, 210, TRUE), -- ECO 2301 (Required)
(790, 211, TRUE), -- ECO 2302 (Required)
(790, 200, TRUE), -- ACC 2301 (Required)
(791, 220, FALSE), -- FIN 3301
(791, 241, FALSE), -- GBU 3302
(791, 290, FALSE), -- MIS 3301
(791, 250, FALSE), -- MGT 3301
(791, 270, FALSE); -- MKT 3301

-- Communication Studies Minor
INSERT INTO requirement_group_courses (group_id, course_id, is_mandatory) VALUES
(800, 510, TRUE), -- COM 1304 (Required)
(800, 503, TRUE), -- COM 2301 (Required)
(800, 512, TRUE), -- COM 2427 (Required)
(801, 511, FALSE), -- COM 2403
(801, 520, FALSE), -- COM 2404
(801, 530, FALSE), -- COM 3301
(801, 540, FALSE), -- COM 3304
(801, 531, FALSE), -- COM 3311
(801, 541, FALSE), -- COM 3315
(801, 515, FALSE), -- COM 3321
(801, 542, FALSE), -- COM 3328
(801, 532, FALSE), -- COM 3330
(801, 521, FALSE), -- COM 3402
(801, 545, FALSE), -- COM 4401
(801, 546, FALSE), -- COM 4304
(801, 522, FALSE); -- COM 4405

-- Organizational Studies Minor
INSERT INTO requirement_group_courses (group_id, course_id, is_mandatory) VALUES
(810, 503, FALSE), -- COM 2301 or COM 1304
(810, 510, FALSE),
(810, 600, TRUE), -- HRD 2300 (Required)
(810, 634, TRUE), -- PSY 3302 (Required)
(811, 88, FALSE),  -- COM 2327
(811, 545, FALSE), -- COM 4401
(811, 531, FALSE), -- COM 3311
(811, 532, FALSE), -- COM 3330
(811, 607, FALSE), -- HRD 3401
(811, 603, FALSE), -- HRD 3303
(811, 604, FALSE), -- HRD 3304
(811, 605, FALSE), -- HRD 3305
(811, 606, FALSE), -- HRD 3399
(811, 608, FALSE), -- HRD 4302
(811, 609, FALSE), -- HRD 4303
(811, 610, FALSE), -- HRD 4304
(811, 611, FALSE), -- HRD 4305
(811, 612, FALSE), -- HRD 4306
(811, 613, FALSE); -- HRD 4307

-- ==========================================================
-- ===== End population/07_requirement_group_courses.sql =====

-- ===== Begin population/08_recommended_sequences.sql =====
-- 8. RECOMMENDED SEQUENCES (Default Roadmaps)
-- ==========================================================

-- ============ BBA DEFAULT ROADMAP ============
INSERT INTO recommended_sequence (program_id, course_id, semester_number, recommended_order) VALUES
-- Semester 1 (Freshman Fall)
(1, 1, 1, 1),   -- FYE 1101
(1, 3, 1, 2),   -- FAS 0210
(1, 50, 1, 3),  -- ENG 1301
(1, 91, 1, 4),  -- MTH 1305
(1, 10, 1, 5),  -- Arabic

-- Semester 2 (Freshman Spring)
(1, 2, 2, 1),   -- FYE 1102
(1, 4, 2, 2),   -- FAS 1220
(1, 30, 2, 3),  -- COM 1301
(1, 200, 2, 4), -- ACC 2301
(1, 120, 2, 5), -- Social Science

-- Semester 3 (Sophomore Fall)
(1, 52, 3, 1),  -- ENG 2302
(1, 201, 3, 2), -- ACC 2302
(1, 210, 3, 3), -- ECO 2301
(1, 240, 3, 4), -- GBU 2301
(1, 40, 3, 5),  -- CSC 1300

-- Semester 4 (Sophomore Spring)
(1, 211, 4, 1), -- ECO 2302
(1, 243, 4, 2), -- GBU 3311
(1, 60, 4, 3),  -- History
(1, 70, 4, 4),  -- Humanities
(1, 110, 4, 5), -- Physical Science

-- Semester 5 (Junior Fall)
(1, 220, 5, 1), -- FIN 3301
(1, 250, 5, 2), -- MGT 3301
(1, 270, 5, 3), -- MKT 3301
(1, 241, 5, 4), -- GBU 3302
(1, 202, 5, 5), -- ACC 3201

-- Semester 6 (Junior Spring)
(1, 251, 6, 1), -- MGT 3302
(1, 290, 6, 2), -- MIS 3301
(1, 242, 6, 3), -- GBU 3203
(1, 20, 6, 4),  -- FRN 3210
(1, 80, 6, 5),  -- Arts

-- Semester 7 (Senior Fall) - Summer Internship assumed
(1, 300, 7, 1), -- INT 4301 (after summer internship)
(1, 256, 7, 2), -- MGT 4303
(1, 130, 7, 3), -- Civic Engagement
-- Concentration courses (3 courses)

-- Semester 8 (Senior Spring)
(1, 255, 8, 1), -- MGT 4301 (Capstone)
(1, 245, 8, 2); -- GBU 4100

-- BBA Minor slots (group_id 302 = BBA Minor, 15 credits over semesters 4-8)
INSERT INTO recommended_sequence (program_id, requirement_group_id, semester_number, recommended_order) VALUES
(1, 302, 4, 10),  -- Minor Course 1 in Semester 4
(1, 302, 5, 10),  -- Minor Course 2 in Semester 5
(1, 302, 6, 10),  -- Minor Course 3 in Semester 6
(1, 302, 7, 10),  -- Minor Course 4 in Semester 7
(1, 302, 8, 10);  -- Minor Course 5 in Semester 8

-- BBA Concentration slots (group_id 301 = BBA Concentration, 15 credits / 5 courses over semesters 6-8)
INSERT INTO recommended_sequence (program_id, requirement_group_id, semester_number, recommended_order) VALUES
(1, 301, 6, 11),  -- Concentration Course 1 in Semester 6
(1, 301, 7, 11),  -- Concentration Course 2 in Semester 7
(1, 301, 7, 12),  -- Concentration Course 3 in Semester 7
(1, 301, 8, 11),  -- Concentration Course 4 in Semester 8
(1, 301, 8, 12);  -- Concentration Course 5 in Semester 8

-- BBA Elective slots (group_id 303 = BBA Electives, 9 credits / 3 courses in semesters 7-8)
INSERT INTO recommended_sequence (program_id, requirement_group_id, semester_number, recommended_order) VALUES
(1, 303, 7, 13),  -- Elective 1 in Semester 7
(1, 303, 8, 13),  -- Elective 2 in Semester 8
(1, 303, 8, 14);  -- Elective 3 in Semester 8

-- ============ BSCSC DEFAULT ROADMAP ============
INSERT INTO recommended_sequence (program_id, course_id, semester_number, recommended_order) VALUES
-- Semester 1 (Freshman Fall) - 16 SCH
(3, 92, 1, 1),  -- MTH 1303 Calculus I
(3, 93, 1, 2),  -- MTH 1304 Discrete Math
(3, 41, 1, 3),  -- CSC 1401
(3, 10, 1, 4),  -- Arabic
(3, 50, 1, 5),  -- ENG 1301
(3, 3, 1, 6),   -- FAS 0210
(3, 1, 1, 7),   -- FYE 1101

-- Semester 2 (Freshman Spring) - 16 SCH
(3, 96, 2, 1),  -- MTH 2301 Calculus II
(3, 116, 2, 2), -- PHY 1401
(3, 400, 2, 3), -- CSC 2302 Data Structures
(3, 30, 2, 4),  -- COM 1301
(3, 4, 2, 5),   -- FAS 1220
(3, 2, 2, 6),   -- FYE 1102

-- Semester 3 (Sophomore Fall) - 16 SCH
(3, 99, 3, 1),  -- MTH 2320 Linear Algebra
(3, 117, 3, 2), -- PHY 1402
(3, 404, 3, 3), -- CSC 2306 OOP
(3, 53, 3, 4),  -- ENG 2303 Technical Writing
-- Minor Course 1

-- Semester 4 (Sophomore Spring) - 16 SCH
(3, 100, 4, 1), -- MTH 3301 Prob & Stats
(3, 111, 4, 2), -- Basic Science Elective
(3, 403, 4, 3), -- CSC 2305 Computer Architecture
(3, 70, 4, 4),  -- Humanities
-- Minor Course 2

-- Semester 5 (Junior Fall) - 17 SCH
(3, 420, 5, 1), -- EGR 2302 Engineering Economics
(3, 405, 5, 2), -- CSC 3315 Languages & Compilers
(3, 406, 5, 3), -- CSC 3323 Analysis of Algorithms
(3, 407, 5, 4), -- CSC 3324 Software Engineering
(3, 20, 5, 5),  -- FRN 3210
-- Minor Course 3

-- Semester 6 (Junior Spring) - 18 SCH
(3, 408, 6, 1), -- CSC 3326 Database Systems
(3, 409, 6, 2), -- CSC 3351 Operating Systems
(3, 410, 6, 3), -- CSC 3371 Networks
(3, 80, 6, 4),  -- Arts
-- Minor Course 4
-- Free Elective 1

-- Semester 7 (Senior Fall) - 17 SCH
(3, 411, 7, 1), -- CSC 3374 Distributed Programming
(3, 412, 7, 2), -- CSC 4301 AI
(3, 413, 7, 3), -- CSC 4307 Agile/DevOps
(3, 60, 7, 4),  -- History/PolSci
-- Computing Elective
-- Minor Course 5

-- Semester 8 (Senior Spring) - 20 SCH
(3, 414, 8, 1), -- CSC 4308 Cybersecurity
(3, 423, 8, 2), -- EGR 4300 Internship
(3, 424, 8, 3), -- EGR 4402 Capstone
(3, 130, 8, 4), -- Civic Engagement
(3, 120, 8, 5); -- Social Science

-- BSCSC Minor Course slots (group_id 403 = BSCSC Minor, 15 credits / 5 courses over semesters 3-7)
INSERT INTO recommended_sequence (program_id, requirement_group_id, semester_number, recommended_order) VALUES
(3, 403, 3, 10),  -- Minor Course 1 in Semester 3 (Sophomore Fall)
(3, 403, 4, 10),  -- Minor Course 2 in Semester 4 (Sophomore Spring)
(3, 403, 5, 10),  -- Minor Course 3 in Semester 5 (Junior Fall)
(3, 403, 6, 10),  -- Minor Course 4 in Semester 6 (Junior Spring)
(3, 403, 7, 10);  -- Minor Course 5 in Semester 7 (Senior Fall)

-- BSCSC Free Elective slots (group_id 404 = BSCSC Free Electives, 6 credits / 2 courses)
INSERT INTO recommended_sequence (program_id, requirement_group_id, semester_number, recommended_order) VALUES
(3, 404, 6, 11),  -- Free Elective 1 in Semester 6 (Junior Spring)
(3, 404, 8, 10);  -- Free Elective 2 in Semester 8 (Senior Spring)

-- ============ BACS DEFAULT ROADMAP ============
INSERT INTO recommended_sequence (program_id, course_id, semester_number, recommended_order) VALUES
-- Semester 1 (Freshman Fall)
(2, 1, 1, 1),   -- FYE 1101
(2, 3, 1, 2),   -- FAS 0210
(2, 50, 1, 3),  -- ENG 1301
(2, 90, 1, 4),  -- MTH 1388
(2, 10, 1, 5),  -- Arabic
(2, 123, 1, 6), -- PSY 1301

-- Semester 2 (Freshman Spring)
(2, 2, 2, 1),   -- FYE 1102
(2, 4, 2, 2),   -- FAS 1220
(2, 30, 2, 3),  -- COM 1301
(2, 124, 2, 4), -- ECO 1300
(2, 110, 2, 5), -- Physical Science

-- Semester 3 (Sophomore Fall)
(2, 51, 3, 1),  -- ENG 2301
(2, 510, 3, 2), -- COM 1304
(2, 500, 3, 3), -- SSC 2401
(2, 503, 3, 4), -- COM 2301
(2, 60, 3, 5),  -- History

-- Semester 4 (Sophomore Spring)
(2, 511, 4, 1), -- COM 2403
(2, 501, 4, 2), -- SSC 3303
(2, 70, 4, 3),  -- Humanities
(2, 40, 4, 4),  -- CSC 1300
-- Minor Course 1

-- Semester 5 (Junior Fall)
(2, 512, 5, 1), -- COM 2427
(2, 514, 5, 2), -- COM 3320
(2, 513, 5, 3), -- COM 3303
(2, 20, 5, 4),  -- FRN 3210
-- Concentration Required 1
-- Minor Course 2

-- Semester 6 (Junior Spring)
(2, 515, 6, 1), -- COM 3321
(2, 80, 6, 2);  -- Arts

-- Semester 7 (Senior Fall) - Summer Internship
INSERT INTO recommended_sequence (program_id, course_id, semester_number, recommended_order) VALUES
(2, 301, 7, 1); -- INT 4302

-- Semester 8 (Senior Spring)
INSERT INTO recommended_sequence (program_id, course_id, semester_number, recommended_order) VALUES
(2, 502, 8, 1), -- SSC 4302 Capstone
(2, 130, 8, 2); -- Civic Engagement

-- BACS Minor slots (group_id 353 = BACS Minor, 15 credits / 5 courses over semesters 4-8)
INSERT INTO recommended_sequence (program_id, requirement_group_id, semester_number, recommended_order) VALUES
(2, 353, 4, 10),  -- Minor Course 1 in Semester 4
(2, 353, 5, 10),  -- Minor Course 2 in Semester 5
(2, 353, 6, 10),  -- Minor Course 3 in Semester 6
(2, 353, 7, 10),  -- Minor Course 4 in Semester 7
(2, 353, 8, 10);  -- Minor Course 5 in Semester 8

-- BACS Concentration slots (group_id 352 = BACS Concentration, 21 credits over semesters 5-8)
INSERT INTO recommended_sequence (program_id, requirement_group_id, semester_number, recommended_order) VALUES
(2, 352, 5, 11),  -- Concentration 1 in Semester 5
(2, 352, 6, 11),  -- Concentration 2 in Semester 6
(2, 352, 6, 12),  -- Concentration 3 in Semester 6
(2, 352, 7, 11),  -- Concentration 4 in Semester 7
(2, 352, 7, 12),  -- Concentration 5 in Semester 7
(2, 352, 8, 11);  -- Concentration 6 in Semester 8

-- BACS Elective slots (group_id 354 = BACS Electives, 9 credits / 3 courses in semester 8)
INSERT INTO recommended_sequence (program_id, requirement_group_id, semester_number, recommended_order) VALUES
(2, 354, 8, 13),  -- Elective 1 in Semester 8
(2, 354, 8, 14),  -- Elective 2 in Semester 8
(2, 354, 8, 15);  -- Elective 3 in Semester 8

-- ==========================================================
-- ===== End population/08_recommended_sequences.sql =====

-- ===== Begin population/09_student_profiles_and_programs.sql =====
-- 9. STUDENT PROFILES & PROGRAMS (New Split Structure)
-- ==========================================================
-- Timeline: Fall 2025 is current semester

-- 1. Create Profiles (advisor and enrollment info only)
INSERT INTO student_profiles (user_id, advisor_id, enrollment_year) VALUES
(23, 4, 2022), -- Omar (Senior - enrolled Fall 2022, graduating Spring 2026)
(24, 4, 2025); -- Ismail (Freshman - enrolled Fall 2025)

-- 2. Assign Programs (Majors, Minors, Concentrations)
INSERT INTO student_programs (student_id, program_id, type) VALUES
-- Omar (CS + Math Minor)
(23, 3, 'MAJOR'), (23, 32, 'MINOR'),
-- Ismail (CS + Leadership Minor)
(24, 3, 'MAJOR'), (24, 30, 'MINOR');

-- ==========================================================
-- ===== End population/09_student_profiles_and_programs.sql =====

-- ===== Begin population/10_student_transcripts.sql =====
-- 10. STUDENT TRANSCRIPTS
-- ==========================================================
-- Timeline: Fall 2025 is current semester (semester_id = 13)
-- Omar: Senior, enrolled Fall 2022 (semester_id = 4)
-- Ismail: Freshman, enrolled Fall 2025 (semester_id = 13)

INSERT INTO student_transcript (student_id, course_id, semester_id, grade, status, credits_earned) VALUES
-- ==========================================================
-- OMAR (CS Senior - enrolled Fall 2022, graduating Spring 2026)
-- ==========================================================

-- Year 1 Fall (Fall 2022 - semester_id = 4)
(23, 1, 4, 'A', 'COMPLETED', 1),   -- FYE 1101
(23, 3, 4, 'A', 'COMPLETED', 0),   -- FAS 0210
(23, 50, 4, 'A-', 'COMPLETED', 3), -- ENG 1301
(23, 92, 4, 'A', 'COMPLETED', 3),  -- MTH 1303 Calculus I
(23, 93, 4, 'A-', 'COMPLETED', 3), -- MTH 1304 Discrete Math
(23, 41, 4, 'A', 'COMPLETED', 4),  -- CSC 1401
(23, 10, 4, 'A-', 'COMPLETED', 2), -- Arabic

-- Year 1 Spring (Spring 2023 - semester_id = 5)
(23, 2, 5, 'A', 'COMPLETED', 1),   -- FYE 1102
(23, 4, 5, 'A-', 'COMPLETED', 2),  -- FAS 1220
(23, 30, 5, 'A', 'COMPLETED', 3),  -- COM 1301
(23, 96, 5, 'A', 'COMPLETED', 3),  -- MTH 2301 Calculus II
(23, 116, 5, 'A-', 'COMPLETED', 4),-- PHY 1401
(23, 400, 5, 'A', 'COMPLETED', 3), -- CSC 2302 Data Structures

-- Year 2 Fall (Fall 2023 - semester_id = 7)
(23, 53, 7, 'A-', 'COMPLETED', 3), -- ENG 2303
(23, 99, 7, 'A', 'COMPLETED', 3),  -- MTH 2320 Linear Algebra
(23, 117, 7, 'A-', 'COMPLETED', 4),-- PHY 1402
(23, 404, 7, 'A', 'COMPLETED', 3), -- CSC 2306 OOP
(23, 403, 7, 'A-', 'COMPLETED', 3),-- CSC 2305 Computer Arch

-- Year 2 Spring (Spring 2024 - semester_id = 8)
(23, 100, 8, 'A', 'COMPLETED', 3), -- MTH 3301 Prob/Stats
(23, 111, 8, 'A-', 'COMPLETED', 4),-- BIO 1401
(23, 405, 8, 'A', 'COMPLETED', 3), -- CSC 3315 Languages
(23, 406, 8, 'A-', 'COMPLETED', 3),-- CSC 3323 Algorithms
(23, 60, 8, 'A', 'COMPLETED', 3),  -- History

-- Year 3 Fall (Fall 2024 - semester_id = 10)
(23, 407, 10, 'A-', 'COMPLETED', 3),-- CSC 3324 Software Engineering
(23, 408, 10, 'A', 'COMPLETED', 3), -- CSC 3326 Databases
(23, 409, 10, 'A-', 'COMPLETED', 3),-- CSC 3351 Operating Systems
(23, 20, 10, 'A', 'COMPLETED', 2),  -- FRN 3210
(23, 70, 10, 'A-', 'COMPLETED', 3), -- Humanities

-- Year 3 Spring (Spring 2025 - semester_id = 11)
(23, 410, 11, 'A', 'COMPLETED', 3), -- CSC 3371 Networks
(23, 411, 11, 'A-', 'COMPLETED', 3),-- CSC 3374 Distributed Prog
(23, 412, 11, 'A', 'COMPLETED', 3), -- CSC 4301 AI
(23, 420, 11, 'A-', 'COMPLETED', 3),-- EGR 2302 Eng Economics
(23, 80, 11, 'A', 'COMPLETED', 3),  -- Arts

-- Year 3 Summer (Summer 2025 - semester_id = 12, Internship)
(23, 423, 12, 'A', 'COMPLETED', 3), -- EGR 4300 Internship

-- Math Minor Courses (distributed across semesters)
(23, 97, 8, 'A', 'COMPLETED', 3),  -- MTH 2303 Lin Alg & Matrix
(23, 98, 10, 'A-', 'COMPLETED', 3), -- MTH 2304 Diff Eq
(23, 101, 11, 'A', 'COMPLETED', 3), -- MTH 3302 Complex Variables

-- Year 4 Fall (Fall 2025 - semester_id = 13) - CURRENT SEMESTER
(23, 413, 13, 'IP', 'IN_PROGRESS', 0), -- CSC 4307 Agile/DevOps
(23, 414, 13, 'IP', 'IN_PROGRESS', 0), -- CSC 4308 Cybersecurity
(23, 424, 13, 'IP', 'IN_PROGRESS', 0), -- EGR 4402 Capstone
(23, 130, 13, 'IP', 'IN_PROGRESS', 0), -- Civic Engagement
(23, 120, 13, 'IP', 'IN_PROGRESS', 0), -- Social Science

-- ==========================================================
-- ISMAIL (CS Freshman - enrolled Fall 2025, first semester)
-- ==========================================================

-- Year 1 Fall (Fall 2025 - semester_id = 13) - CURRENT SEMESTER
(24, 1, 13, 'IP', 'IN_PROGRESS', 0),   -- FYE 1101 First Year Experience
(24, 3, 13, 'IP', 'IN_PROGRESS', 0),   -- FAS 0210 Strategic Academic Skills
(24, 50, 13, 'IP', 'IN_PROGRESS', 0),  -- ENG 1301 English Composition
(24, 92, 13, 'IP', 'IN_PROGRESS', 0),  -- MTH 1303 Calculus I
(24, 93, 13, 'IP', 'IN_PROGRESS', 0),  -- MTH 1304 Discrete Math
(24, 41, 13, 'IP', 'IN_PROGRESS', 0),  -- CSC 1401 Computer Programming
(24, 10, 13, 'IP', 'IN_PROGRESS', 0);  -- ARB 1241 Arabic

-- ==========================================================

-- ===== End population/10_student_transcripts.sql =====

-- ===== Begin population/11_student_plan_drafts.sql =====
-- 11. STUDENT PLAN DRAFTS
-- ==========================================================

INSERT INTO student_plan_drafts (draft_id, student_id, name, is_default) VALUES
(1, 23, 'Default Plan', TRUE),   -- Omar
(2, 24, 'Default Plan', TRUE);   -- Ismail

-- ==========================================================
-- ===== End population/11_student_plan_drafts.sql =====

-- ===== Begin population/12_student_plans.sql =====
-- 12. STUDENT PLANS
-- ==========================================================

-- NOTE: Fall 2024 courses are already in transcript as IN_PROGRESS
-- Student plans should only contain FUTURE planned courses (after current semester)
-- No student_plan entries needed since all current courses are in transcript

-- If adding future planned courses, use semester_number that matches
-- the student_plan_semesters definition (1 = Spring 2025, 2 = Fall 2025, etc.)

-- ==========================================================
-- ===== End population/12_student_plans.sql =====

-- ===== Begin population/13_semester_approvals.sql =====
-- 13. SEMESTER APPROVALS
-- ==========================================================
-- Timeline: Fall 2025 is current semester (semester_id = 13)
-- Omar's historical approvals starting from Fall 2022

INSERT INTO semester_approvals (student_id, semester_id, advisor_id, approval_status, advisor_comments, approved_at) VALUES
-- Omar's historical approvals from advisor (user_id = 4)
(23, 4, 4, 'APPROVED', 'Great start to the CS program. Excellent course selection.', '2022-08-25'),   -- Fall 2022
(23, 5, 4, 'APPROVED', 'Good progress on prerequisites.', '2023-01-10'),                              -- Spring 2023
(23, 7, 4, 'APPROVED', 'Nice mix of core CS and math courses.', '2023-08-20'),                        -- Fall 2023
(23, 8, 4, 'APPROVED', 'On track for junior year. Consider research opportunities.', '2024-01-08'),  -- Spring 2024
(23, 10, 4, 'APPROVED', 'Solid junior year performance. Ready for senior courses.', '2024-08-18'),   -- Fall 2024
(23, 11, 4, 'APPROVED', 'Excellent progress on senior requirements.', '2025-01-12'),                  -- Spring 2025
(23, 12, 4, 'APPROVED', 'Internship approved. Great experience opportunity.', '2025-05-20'),         -- Summer 2025

-- Current semester awaiting completion (no approval needed yet)
(23, 13, 4, 'PENDING', NULL, NULL);  -- Fall 2025 (current)

-- Ismail has no approvals yet (first semester, just started)

-- ==========================================================
-- END OF COMPREHENSIVE POPULATION
-- ==========================================================

-- Summary Statistics:
-- Current Semester: Fall 2025 (semester_id = 13)
-- Next Planning Semester: Spring 2026 (semester_id = 14)
-- Students: 2 (Omar - Senior, Ismail - Freshman)
-- Advisors: 1 (Nasser Assem)

-- ===== End population/13_semester_approvals.sql =====

-- ===== Begin population/14_student_plan_semesters.sql =====
-- 14. STUDENT PLAN SEMESTERS
-- ==========================================================
-- Timeline: Fall 2025 is current, Spring 2026 is next plannable semester
-- These are the planning semesters that students can add courses to

DELETE FROM student_plan_semesters WHERE draft_id = 1;
DELETE FROM student_plan_semesters WHERE draft_id = 2;

INSERT INTO student_plan_semesters (draft_id, semester_number, term, year, is_locked) VALUES
-- Omar's planning semester (only needs Spring 2026 to graduate)
(1, 1, 'SPRING', 2026, FALSE),

-- Ismail's planning semesters (7 more semesters to complete degree)
(2, 1, 'SPRING', 2026, FALSE),
(2, 2, 'FALL', 2026, FALSE),
(2, 3, 'SPRING', 2027, FALSE),
(2, 4, 'FALL', 2027, FALSE),
(2, 5, 'SPRING', 2028, FALSE),
(2, 6, 'FALL', 2028, FALSE),
(2, 7, 'SPRING', 2029, FALSE);

-- ==========================================================

-- ===== End population/14_student_plan_semesters.sql =====
